{"repoSenseVersion":"v4.0","reportGeneratedTime":"Sun, 1 Jun 2025 08:25:22 UTC+08:00","reportGenerationTime":" 47.15 second(s)","zoneId":"UTC+08:00","reportTitle":"RepoSense Report","repos":[{"location":{"location":"https://github.com/markbind/markbind.git","repoName":"markbind","organization":"markbind","domainName":"github"},"branch":"master","displayName":"markbind/markbind[master]","outputFolderName":"markbind_markbind_master","sinceDate":"2024-12-01T00:00:00","untilDate":"2025-06-01T23:59:59"},{"location":{"location":"https://github.com/reposense/reposense.git","repoName":"reposense","organization":"reposense","domainName":"github"},"branch":"master","displayName":"reposense/reposense[master]","outputFolderName":"reposense_reposense_master","sinceDate":"2024-12-01T00:00:00","untilDate":"2025-06-01T23:59:59"},{"location":{"location":"https://github.com/se-edu/addressbook-level3.git","repoName":"addressbook-level3","organization":"se-edu","domainName":"github"},"branch":"master","displayName":"se-edu/addressbook-level3[master]","outputFolderName":"se-edu_addressbook-level3_master","sinceDate":"2024-12-01T00:00:00","untilDate":"2025-06-01T23:59:59"},{"location":{"location":"https://github.com/TEAMMATES/teammates.git","repoName":"teammates","organization":"TEAMMATES","domainName":"github"},"branch":"master","displayName":"TEAMMATES/teammates[master]","outputFolderName":"TEAMMATES_teammates_master","sinceDate":"2024-12-01T00:00:00","untilDate":"2025-06-01T23:59:59"},{"location":{"location":"https://github.com/CATcher-org/CATcher.git","repoName":"CATcher","organization":"CATcher-org","domainName":"github"},"branch":"master","displayName":"CATcher-org/CATcher[master]","outputFolderName":"CATcher-org_CATcher_master","sinceDate":"2024-12-01T00:00:00","untilDate":"2025-06-01T23:59:59"},{"location":{"location":"https://github.com/CATcher-org/WATcher.git","repoName":"WATcher","organization":"CATcher-org","domainName":"github"},"branch":"main","displayName":"CATcher-org/WATcher[main]","outputFolderName":"CATcher-org_WATcher_main","sinceDate":"2024-12-01T00:00:00","untilDate":"2025-06-01T23:59:59"},{"location":{"location":"https://github.com/CATcher-org/WATcher.git","repoName":"WATcher","organization":"CATcher-org","domainName":"github"},"branch":"feature-presets","displayName":"CATcher-org/WATcher[feature-presets]","outputFolderName":"CATcher-org_WATcher_feature-presets","sinceDate":"2024-12-01T00:00:00","untilDate":"2025-06-01T23:59:59"},{"location":{"location":"https://github.com/CATcher-org/WATcher.git","repoName":"WATcher","organization":"CATcher-org","domainName":"github"},"branch":"feature-drag-and-drop","displayName":"CATcher-org/WATcher[feature-drag-and-drop]","outputFolderName":"CATcher-org_WATcher_feature-drag-and-drop","sinceDate":"2024-12-01T00:00:00","untilDate":"2025-06-01T23:59:59"},{"location":{"location":"https://github.com/CATcher-org/WATcher.git","repoName":"WATcher","organization":"CATcher-org","domainName":"github"},"branch":"reviews-dashboard","displayName":"CATcher-org/WATcher[reviews-dashboard]","outputFolderName":"CATcher-org_WATcher_reviews-dashboard","sinceDate":"2024-12-01T00:00:00","untilDate":"2025-06-01T23:59:59"},{"location":{"location":"https://github.com/CATcher-org/WATcher.git","repoName":"WATcher","organization":"CATcher-org","domainName":"github"},"branch":"feature-additional-filter-controls","displayName":"CATcher-org/WATcher[feature-additional-filter-controls]","outputFolderName":"CATcher-org_WATcher_feature-additional-filter-controls","sinceDate":"2024-12-01T00:00:00","untilDate":"2025-06-01T23:59:59"},{"location":{"location":"https://github.com/CATcher-org/WATcher.git","repoName":"WATcher","organization":"CATcher-org","domainName":"github"},"branch":"feature-filter-bar","displayName":"CATcher-org/WATcher[feature-filter-bar]","outputFolderName":"CATcher-org_WATcher_feature-filter-bar","sinceDate":"2024-12-01T00:00:00","untilDate":"2025-06-01T23:59:59"}],"errorSet":[],"sinceDate":"2024-12-01T00:00:00","untilDate":"2025-06-01T23:59:59","isSinceDateProvided":true,"isUntilDateProvided":false,"supportedDomainUrlMap":{"NOT_RECOGNIZED":{"BRANCH":"","REPO_URL":"UNSUPPORTED","BASE_URL":"UNSUPPORTED","HISTORY_PATH":"","COMMIT_PATH":"","BLAME_PATH":""},"github":{"BRANCH":"tree/$BRANCH","REPO_URL":"https://github.com/$ORGANIZATION/$REPO_NAME/","BASE_URL":"https://github.com/","HISTORY_PATH":"commits/$BRANCH/$FILE_PATH","COMMIT_PATH":"commit/$COMMIT_HASH","BLAME_PATH":"blame/$BRANCH/$FILE_PATH"}},"isAuthorshipAnalyzed":false,"repoBlurbs":{"blurbMap":{}},"authorBlurbs":{"blurbMap":{}},"chartBlurbs":{"blurbMap":{}},"isPortfolio":false}
