{"authorDailyContributionsMap":{"Kok Liang":[{"date":"2025-01-16T00:00:00","commitResults":[{"hash":"a6b0e1d730458778d8506f591e7f1ec23467769b","isMergeCommit":false,"messageTitle":"Replace missing assignee filter (#388)","messageBody":"Replace missing assignee filter\r\n\r\nThe assignee filter originally implemented in #384 was omitted in a\r\nprevious change.\r\n\r\nLet\u0027s add the assignee filter for use in the existing filter bar.","fileTypesAndContributionMap":{"html":{"insertions":18,"deletions":0}}}]}],"Marcus Soh":[{"date":"2025-01-26T00:00:00","commitResults":[{"hash":"b456ad6d93942e8b92035817a1a14348198bc477","isMergeCommit":false,"messageTitle":"Easier toolbar controls (#391)","messageBody":"Make text clickable in toolbar instead of just icon\r\n\r\nLet\u0027s move to include the text to trigger the click action,\r\nso that users don\u0027t have to click on the (small) icons\r\n\r\nCo-authored-by: Marcus Soh \u003cmacussoh38@gmail.com\u003e","fileTypesAndContributionMap":{"css":{"insertions":17,"deletions":0},"html":{"insertions":132,"deletions":116}}}]},{"date":"2025-02-25T00:00:00","commitResults":[{"hash":"aa244a4197aaaba069f5f42ec62103e0d3f8a357","isMergeCommit":false,"messageTitle":"Update label remove button to reset instead","messageBody":"","fileTypesAndContributionMap":{"html":{"insertions":1,"deletions":1},"ts":{"insertions":4,"deletions":2}}},{"hash":"2bbb85be08f02ba198cc53c9002a86556b19446e","isMergeCommit":false,"messageTitle":"Update test cases","messageBody":"","fileTypesAndContributionMap":{"ts":{"insertions":11,"deletions":4}}},{"hash":"ab44b75e0c98757b9e417a42219db6bf0713a53e","isMergeCommit":false,"messageTitle":"Disable button when default","messageBody":"","fileTypesAndContributionMap":{"html":{"insertions":1,"deletions":1},"ts":{"insertions":10,"deletions":1}}}]},{"date":"2025-03-03T00:00:00","commitResults":[{"hash":"0e93cbdd5d14958e32cc0ae119f1086a4516ecb5","isMergeCommit":false,"messageTitle":"Refactor setting isDefault code","messageBody":"","fileTypesAndContributionMap":{"ts":{"insertions":16,"deletions":6}}},{"hash":"5ff7bd6caa6b926bf52d4db1434f2cd1e7a2d0a5","isMergeCommit":true,"messageTitle":"Merge pull request #417 from HollaG/bug_remove-all-button","messageBody":"Align remove all button to expectations of function","fileTypesAndContributionMap":{}}]},{"date":"2025-04-14T00:00:00","commitResults":[{"hash":"878a3f4ae381c56f143fb97144e3596ba916df76","isMergeCommit":false,"messageTitle":"Move the filter bar to the left (#454)","messageBody":"The current filter bar being at the top results in issues with\nextensibility and usability. \n\nLet\u0027s move the bar to the left so it is in a consistent position and\neasy for users to access at any time.","fileTypesAndContributionMap":{"css":{"insertions":89,"deletions":23},"html":{"insertions":33,"deletions":17},"ts":{"insertions":7,"deletions":7}}},{"hash":"5192e8c6eac2ec714e709c38a3d88ffc23b79e84","isMergeCommit":false,"messageTitle":"Remove unneeded comments","messageBody":"","fileTypesAndContributionMap":{"css":{"insertions":0,"deletions":16}}}]}],"tng wen xi":[{"date":"2025-01-21T00:00:00","commitResults":[{"hash":"a6b925c6091b1852a3f782b90e538b303742600a","isMergeCommit":false,"messageTitle":"Show issues and PRs without milestones in \u0027Contributions\u0027 preset view (#392)","messageBody":"Include issues/PRs without milestones in \u0027Contributions\u0027 preset view\r\n\r\nThe \u0027Contributions\u0027 preset view doesn\u0027t include issues/PRs without a milestone.\r\n\r\nHowever, issues and PRs without milestones are contributions as well, and should\r\nbe included in the \u0027Contributions\u0027 preset view.\r\n\r\nLet\u0027s show issues and PRs without milestones in the \u0027Contributions\u0027 preset view as well.","fileTypesAndContributionMap":{"ts":{"insertions":6,"deletions":1}}}]},{"date":"2025-02-16T00:00:00","commitResults":[{"hash":"feb7d65c7fdd965b2187ceced7c6ed9765ca7b64","isMergeCommit":false,"messageTitle":"Remove repo from suggestions if invalid (#403)","messageBody":"WATcher does not remove a repo from suggestions if it is not valid. \r\nThis results in invalid repositories shown under suggestions if \r\nthe user has previously entered one. \r\n\r\nLet\u0027s remove invalid repos from suggestions since users do not need \r\nto choose them.","fileTypesAndContributionMap":{"ts":{"insertions":24,"deletions":1}}}]},{"date":"2025-02-21T00:00:00","commitResults":[{"hash":"b28af9d7c054199cb927f2c0977c04ee62145285","isMergeCommit":false,"messageTitle":"Handle templates using BehaviorSubject and async pipe (#407)","messageBody":"There is an error that appears when switching to an invalid repo. \nIn the hidden-groups component, the templates are undefined before \nthe view is initialized and they become defined afterwards, \ncausing an NG0100 error. \n\nLet\u0027s use a BehaviorSubject with an initial value of null to emit the \ncard template after the view has been initialized and use the async \npipe so that the error does not occur.","fileTypesAndContributionMap":{"html":{"insertions":5,"deletions":1},"ts":{"insertions":11,"deletions":2}}}]},{"date":"2025-03-05T00:00:00","commitResults":[{"hash":"fcb4b17c6d680dc81f0b58b9a8f4a49529d9c33f","isMergeCommit":false,"messageTitle":"Remove gap between bottom of window and horizontal sidebar (#420)","messageBody":"The height of each column in `card-view` component is set to 77vh,\nwhich results in a gap between the bottom of the window and the\nhorizontal sidebar. \n\nThe content should fill up the remaining height of the window instead\nof leaving a gap.\n\nLet\u0027s use a flexbox to allow the content to dynamically change its\nheight to fill up the remaining space instead of having a fixed height.","fileTypesAndContributionMap":{"css":{"insertions":15,"deletions":1},"html":{"insertions":3,"deletions":3}}}]}],"JiaXinEu":[{"date":"2025-01-24T00:00:00","commitResults":[{"hash":"c3c0e95a640a3742dc3aa364fdb1e38d542c74d5","isMergeCommit":false,"messageTitle":"Sync items per page to filter change (#386)","messageBody":"Modify responsiveness of filters to screen size change\r\n\r\nWhen the Items per page count changed, the UI takes some time to \r\nadjust accordingly. We should make the UI sync right after the change.\r\n\r\nLet\u0027s update the page size of paginator.","fileTypesAndContributionMap":{"ts":{"insertions":1,"deletions":0}}}]}],"ZQ":[],"yucongkoo":[{"date":"2025-03-05T00:00:00","commitResults":[{"hash":"dd85cd4b163895632bf0e3319d72df3a643dba1a","isMergeCommit":false,"messageTitle":"Add side border to draft PR cards (#426)","messageBody":"Add side border to draft PR cards","fileTypesAndContributionMap":{"ts":{"insertions":1,"deletions":1}}}]},{"date":"2025-04-14T00:00:00","commitResults":[{"hash":"b5dc5ce858a7a7822c3150bf10b71d6331e59012","isMergeCommit":false,"messageTitle":"Make dropdown panel of filter bar open to the right","messageBody":"","fileTypesAndContributionMap":{"css":{"insertions":15,"deletions":0}}}]}],"Isaac Ng Jun Jie":[{"date":"2025-02-24T00:00:00","commitResults":[{"hash":"ed6418bff53c5cee684cc58adf26f74e8553fa6c","isMergeCommit":false,"messageTitle":"Fix incorrect behaviour when filtering by assignee in issues with multiple assignees (#415)","messageBody":"Hide assignees not selected in filter\n\nFor issues with multiple assignees, having one of the assignees selected\nin the filter displays all other assignees as groups.\n\nThis is misleading behaviour since the assignees that are not selected\nare expected to be hidden.\n\nLet\u0027s add a check for if the group is selected in the filter before\ndisplaying the data.","fileTypesAndContributionMap":{"ts":{"insertions":52,"deletions":0}}}]}],"Norbert":[{"date":"2025-02-01T00:00:00","commitResults":[{"hash":"a85c7ed50c24df3c0240d6c870637a08c4bfb7c7","isMergeCommit":false,"messageTitle":"Remove magic strings (#400)","messageBody":"Remove the use of magic strings for filter options\r\n\r\nAll of the predefined filter options values are magic literals. This\r\nmakes it hard to change or update any filter options without having\r\nto change all manually.\r\n\r\nLet\u0027s create enums constants with the same values to replace the\r\nmagic literals.\r\n\r\nThe enums constants will also allow us to create mappings for URL\r\nencoding dynamically.","fileTypesAndContributionMap":{"html":{"insertions":16,"deletions":14},"ts":{"insertions":63,"deletions":19}}}]},{"date":"2025-03-10T00:00:00","commitResults":[{"hash":"8ebf6a4c908d82a7c68d48db2639e970c34c457e","isMergeCommit":false,"messageTitle":"Add drop shadow to filter section (#428)","messageBody":"Add drop shadow to filter section\n\nThe lack of separation between the filter section and the dashboard\nmight make it hard for users to realise that their dashboard is\npartially covered.\n\nLet\u0027s add a simple drop shadow to show some form of elevation and\nseparation.","fileTypesAndContributionMap":{"css":{"insertions":1,"deletions":1}}},{"hash":"59b3f209a049ce1df3edd17abdd62d12a2fc1065","isMergeCommit":false,"messageTitle":"Fixes view on view on GitHub (#414)","messageBody":"View on GitHub should include the filters that are selected on\nWATcher as it should be the same state as WATcher\n\nBy using the URL to encode the search string, we can view on GitHub\nwith the filters applied\n\nLet\u0027s,\n* Combine all filters into a search string\n* Encode the search string to be sent using url","fileTypesAndContributionMap":{"ts":{"insertions":189,"deletions":2}}}]}]},"authorFileTypeContributionMap":{"Kok Liang":{"js":0,"css":0,"html":18,"ts":0},"Marcus Soh":{"js":0,"css":96,"html":71,"ts":45},"tng wen xi":{"js":0,"css":5,"html":7,"ts":41},"JiaXinEu":{"js":0,"css":0,"html":0,"ts":1},"ZQ":{"js":0,"css":0,"html":0,"ts":0},"yucongkoo":{"js":0,"css":14,"html":0,"ts":1},"Isaac Ng Jun Jie":{"js":0,"css":0,"html":0,"ts":52},"Norbert":{"js":0,"css":1,"html":16,"ts":250}},"authorContributionVariance":{"Kok Liang":2.3822312,"Marcus Soh":791.88525,"tng wen xi":10.959441,"JiaXinEu":0.007352553,"ZQ":0.0,"yucongkoo":1.6804389,"Isaac Ng Jun Jie":19.881289,"Norbert":363.73315},"authorDisplayNameMap":{"Kok Liang":"Kok Liang","Marcus Soh":"Marcus Soh","tng wen xi":"tng wen xi","JiaXinEu":"JiaXinEu","ZQ":"ZQ","yucongkoo":"yucongkoo","Isaac Ng Jun Jie":"Isaac Ng Jun Jie","Norbert":"Norbert"}}
