{"authorDailyContributionsMap":{"Izn432":[{"date":"2025-01-26T00:00:00","commitResults":[{"hash":"8fc0feb047a476c7d86bcf0a8bc4234f489be4fc","isMergeCommit":false,"messageTitle":"Fix formats (#1303)","messageBody":"Fix incorrect format of commented templates.\r\n\r\nTemplates for the tester response phase\u0027s comments on GitHub found in \r\nthe code comments are incorrect. The templates include an extra full \r\nstop after \"Team Chose [ {{ tag }} ]\" and \"Originally [ {{ tag }} ]\" and \r\na new line after \"**Reason for disagreement:**\". \r\n\r\nThis causes the issue to be filed under faulty issues when viewed in the \r\nTester response phase on CATcher.\r\n\r\nLet\u0027s fix the formats by removing the extra full stops and replacing the \r\nnew line with a space.","fileTypesAndContributionMap":{"ts":{"insertions":12,"deletions":16}}}]},{"date":"2025-02-09T00:00:00","commitResults":[{"hash":"7e5db1ae58ee987655e776830fc3ed5db952bc5f","isMergeCommit":false,"messageTitle":"Move issue storage logic to mock.github.service.ts (#1317)","messageBody":"Move issue storage logic to mock.github.service.ts\r\n\r\nThe issue service is being mocked, with issues being generated and\r\nstored in mock.issue.service.ts\u0027s initialize_data method.\r\n\r\nThis prevents end to end testing from testing the implementation of\r\nissue.service.ts. This also strays from the structure of CATcher with\r\nissue.service.ts asking for data from github.service.ts.\r\n\r\nLet\u0027s remove mock.issue.service.ts and move all the mocked issue storage\r\nlogic to github.service.ts.\r\n\r\nThis allows us to test the implementation of issue.service.ts and\r\nresults in a testing structure that is more akin to the main\r\napplication.","fileTypesAndContributionMap":{"ts":{"insertions":33,"deletions":360}}}]},{"date":"2025-03-18T00:00:00","commitResults":[{"hash":"dde5870ec4df4367ce50590c45cb080a799f79a4","isMergeCommit":false,"messageTitle":"Add more e2e tests (#1342)","messageBody":"E2e testing is very limited and only covers a small part of the bug\nreporting phase.\n\nLet\u0027s add more tests, extending it to two more phases - bug trimming\nand team response.","fileTypesAndContributionMap":{"html":{"insertions":11,"deletions":7},"ts":{"insertions":656,"deletions":56}}}]}],"IanCheah":[],"Airiinnn":[],"peasantbird":[],"AgentHagu":[],"JoanneHing":[],"HollaG":[],"wx-03":[{"date":"2025-02-01T00:00:00","commitResults":[{"hash":"afc06cb68200cd42b4c9072283e3d6ba687eea2f","isMergeCommit":false,"messageTitle":"Retain github manual edit warning (#1293)","messageBody":"Retain github manual edit warning when editing/submitting in tester response phase\r\n\r\nGithub manual edit warning message disappears after editing/submitting in \r\ntester response phase.\r\n\r\nThe warning message should remain in the issue comment to warn testers \r\nagainst editing directly their response on GitHub directly.","fileTypesAndContributionMap":{"ts":{"insertions":13,"deletions":4}}}]},{"date":"2025-04-07T00:00:00","commitResults":[{"hash":"34665e93683f2152d49e38c61cff324de0670b13","isMergeCommit":false,"messageTitle":"Fix navigability issue caused by shared table name","messageBody":"The tables for issues deleted and issues posted have the same name,\nresulting in unexpected behavior as the table settings are shared.\n\nRename both tables to prevent unexpected behavior for pagination.","fileTypesAndContributionMap":{"html":{"insertions":4,"deletions":4}}}]}],"lyuanww":[],"mingyang143":[],"yyccbb":[],"gerteck":[],"InfinityTwo":[],"NorbertLoh":[{"date":"2025-01-23T00:00:00","commitResults":[{"hash":"60ca67a171877c7da972491742084f005d80e64c","isMergeCommit":false,"messageTitle":"Add white-space style to markdown code css (#1295)","messageBody":"Add break-space style to the code CSS class of ngx-markdown\r\n\r\nWhen ngx-markdown generates HTML for comments, the browser collapses\r\nwhitespace by default, which incorrectly renders code blocks with\r\nextra whitespaces.\r\n\r\nTo address this, let\u0027s add the style `white-space: break-spaces;` to\r\nthe code CSS class of ngx-markdown.\r\n\r\nThis solution aligns with how GitHub styles its markdown code\r\nelements, ensuring that whitespace is preserved and the rendered\r\noutput meets user expectations.","fileTypesAndContributionMap":{"css":{"insertions":1,"deletions":0}}}]},{"date":"2025-02-25T00:00:00","commitResults":[{"hash":"569eeab5082903ca0e87ba3df242baa97ae50e4d","isMergeCommit":false,"messageTitle":"Merge feature branch for bug trimming phase to main (#1331)","messageBody":"The phases of PE now has an additional bug\ntrimming phase\n\nCATcher should be updated to include relevant UI\nfor the new phase to assist students in bug\ntrimming\n\nLet\u0027s,\n- Create a new phase called phaseBugTrimming\n- Create new table for bug reporting phase to\n  allow for deleting and un-deleted of issues\n- Add the new table to bug trimming phase\n- Create new issue page component that only allows\n  editing labels for bug trimming phase\n- Issues deleted will have a strike through text\n  decoration\n\nCo-authored-by: yucongkoo \u003c122191710+yucongkoo@users.noreply.github.com\u003e\nCo-authored-by: Isaac Ng Jun Jie \u003c143304834+IzN432@users.noreply.github.com\u003e\nCo-authored-by: tng wen xi \u003c98512947+wx-03@users.noreply.github.com\u003e\nCo-authored-by: Marcus Soh \u003c31369072+HollaG@users.noreply.github.com\u003e\nCo-authored-by: Yucongkoo \u003cyucongkoo0214@gmail.com\u003e","fileTypesAndContributionMap":{"css":{"insertions":22,"deletions":0},"html":{"insertions":150,"deletions":33},"ts":{"insertions":452,"deletions":113}}}]}],"yucongkoo":[{"date":"2025-01-20T00:00:00","commitResults":[{"hash":"7c8c084cd1fd0d79277ea2f6f65eb472559137d0","isMergeCommit":false,"messageTitle":"Fix formatting style of issue-table component","messageBody":"* Add break html tag\r\n\r\n* Test update github workflow for playwright\r\n\r\n* Add installation of system dependency in github workflow\r\n\r\n* Revert changes to test playwright\r\n\r\n* Add line break to fix issue table formatting\r\n\r\n* Check ubuntu version in github runner\r\n\r\n* Use ubuntu-22.04 for playwright\r\n\r\n* Revert fixes related to playwright github workflow","fileTypesAndContributionMap":{"html":{"insertions":1,"deletions":0}}}]},{"date":"2025-02-26T00:00:00","commitResults":[{"hash":"c2ee1f97f927843b42c6efd1bb0c2dd41e3b21c8","isMergeCommit":false,"messageTitle":"Update Karma config to fix failing tests on MacOS (#1336)","messageBody":"The tests running on MacOS is failing while other\nOS are passing, leading to false positive test failures.\n\nLet\u0027s fix this issue by updating the karma config\nas proposed by the angular community. ","fileTypesAndContributionMap":{"js":{"insertions":1,"deletions":1}}}]},{"date":"2025-03-16T00:00:00","commitResults":[{"hash":"5f13d931f1d764296faefd51a28fe31f3c6f72a7","isMergeCommit":false,"messageTitle":"Upgrade Octokit authentication to fix deprecation warnings (#1344)","messageBody":"Upgrade @octokit/rest to v17\n\n@octokit/rest v16 uses a format that will be \ndeprecated starting from v17 to construct\nan Octokit object, and will cause authentication\nrequest to fail.\n\nLet\u0027s upgrade the octokit version to v17\nand use the new format so that future upgrades\ncan happen more smoothly.","fileTypesAndContributionMap":{"ts":{"insertions":7,"deletions":5}}}]},{"date":"2025-03-24T00:00:00","commitResults":[{"hash":"f19462deb7abb4879dd6c3754e6cf5b8add5ab0b","isMergeCommit":false,"messageTitle":"Fix bug related to assignees dropdown showing old values (#1349)","messageBody":"Fix bug related to assignees dropdown showing old values","fileTypesAndContributionMap":{"ts":{"insertions":8,"deletions":2}}}]}],"BunnyHoppp":[],"CYX22222003":[],"Incogdino":[],"DhiraPT":[],"joeng03":[]},"authorFileTypeContributionMap":{"Izn432":{"js":0,"css":0,"html":11,"ts":689},"IanCheah":{"js":0,"css":0,"html":0,"ts":0},"Airiinnn":{"js":0,"css":0,"html":0,"ts":0},"peasantbird":{"js":0,"css":0,"html":0,"ts":0},"AgentHagu":{"js":0,"css":0,"html":0,"ts":0},"JoanneHing":{"js":0,"css":0,"html":0,"ts":0},"HollaG":{"js":0,"css":0,"html":0,"ts":0},"wx-03":{"js":0,"css":0,"html":4,"ts":13},"lyuanww":{"js":0,"css":0,"html":0,"ts":0},"mingyang143":{"js":0,"css":0,"html":0,"ts":0},"yyccbb":{"js":0,"css":0,"html":0,"ts":0},"gerteck":{"js":0,"css":0,"html":0,"ts":0},"InfinityTwo":{"js":0,"css":0,"html":0,"ts":0},"NorbertLoh":{"js":0,"css":23,"html":142,"ts":449},"yucongkoo":{"js":1,"css":0,"html":1,"ts":15},"BunnyHoppp":{"js":0,"css":0,"html":0,"ts":0},"CYX22222003":{"js":0,"css":0,"html":0,"ts":0},"Incogdino":{"js":0,"css":0,"html":0,"ts":0},"DhiraPT":{"js":0,"css":0,"html":0,"ts":0},"joeng03":{"js":0,"css":0,"html":0,"ts":0}},"authorContributionVariance":{"Izn432":5295.182,"IanCheah":0.0,"Airiinnn":0.0,"peasantbird":0.0,"AgentHagu":0.0,"JoanneHing":0.0,"HollaG":0.0,"wx-03":2.7196655,"lyuanww":0.0,"mingyang143":0.0,"yyccbb":0.0,"gerteck":0.0,"InfinityTwo":0.0,"NorbertLoh":4595.767,"yucongkoo":1.9071655,"BunnyHoppp":0.0,"CYX22222003":0.0,"Incogdino":0.0,"DhiraPT":0.0,"joeng03":0.0},"authorDisplayNameMap":{"Izn432":"ISAA.. JIE","IanCheah":"CHEA.. IAN","Airiinnn":"ALEX..ANDY","peasantbird":"WONG..RAND","AgentHagu":"ADRI..IANG","JoanneHing":"HING..XING","HollaG":"SOH ..RCUS","wx-03":"TNG ..N XI","lyuanww":"WONG..YUAN","mingyang143":"LI M..YANG","yyccbb":"YU C..ENBO","gerteck":"CHAN..TECK","InfinityTwo":"POH ..KANG","NorbertLoh":"LOH ..BERT","yucongkoo":"KOO ..CONG","BunnyHoppp":"TENG..LOON","CYX22222003":"CHEN..IXUN","Incogdino":"JAVI.. WEE","DhiraPT":"DHIR..GARA","joeng03":"NG Y.. JOE"}}
