{"authorDailyContributionsMap":{"Izn432":[],"IanCheah":[],"Airiinnn":[{"date":"2025-02-01","commitResults":[{"hash":"b70bf5e9e0c66c5a45b93b6f4233c568ee4a80e8","isMergeCommit":false,"messageTitle":"[#2273] Update workflows to use v4 of artifact actions (#2274)","messageBody":"Upgrade artifact actions to v4\r\n\r\nAll workflows using v3 of artifact actions automatically fail from\r\n2025-01-30 onwards due to deprecation.\r\n\r\nLet\u0027s upgrade to the latest version (v4).","fileTypesAndContributionMap":{"yml":{"insertions":2,"deletions":2}}}]},{"date":"2025-02-03","commitResults":[{"hash":"5c63df37a2a2d5174f9a1ff8c08b40098f688c10","isMergeCommit":false,"messageTitle":"[#2266] Fix Cypress tests that fail locally (#2272)","messageBody":"Set UTC timezone for test reports\r\n\r\nRunning Cypress tests locally uses system\u0027s default timezone\r\n(UTC+8), causing 3 tests that check for dates to fail. These 3 tests\r\npass on GitHub Actions as the system\u0027s default timezone is UTC.\r\n\r\nLet\u0027s standardize the timezone for all cypress tests to UTC.","fileTypesAndContributionMap":{"gradle":{"insertions":1,"deletions":1},"js":{"insertions":0,"deletions":1}}}]},{"date":"2025-02-12","commitResults":[{"hash":"d17eb8ca6deb346eb0f3c0733bc4463f2d117251","isMergeCommit":false,"messageTitle":"[#2275] Upgrade node to v20 in workflows (#2282)","messageBody":"Upgrade node to v20\r\n\r\nNode 18 will reach end-of-life on 30 April 2025.\r\n\r\nLet\u0027s upgrade node to v20.","fileTypesAndContributionMap":{"md":{"insertions":1,"deletions":1},"yml":{"insertions":3,"deletions":3}}}]},{"date":"2025-03-03","commitResults":[{"hash":"e82ea8581b22bbc4b033523cffe60d972ca28e2f","isMergeCommit":false,"messageTitle":"[#2304] Portfolio flag to support optimised portfolio report (#2310)","messageBody":"Add portfolio CLI flag\n\nWe are currently adding support for reports optimized for code\nportfolio pages.\n\nLet\u0027s add a boolean flag in the backend to indicate whether to generate\nthe optimized portfolio report in the generated summary.json.","fileTypesAndContributionMap":{"java":{"insertions":78,"deletions":9},"md":{"insertions":10,"deletions":0}}}]}],"peasantbird":[],"AgentHagu":[],"JoanneHing":[{"date":"2025-01-27","commitResults":[{"hash":"7eb104c42381cfc2f331c9e6e4779fd6adcc5e29","isMergeCommit":false,"messageTitle":"[#2259] Upgrade GitHub Actions macOS runners to 13, 14 and 15 (#2260)","messageBody":"Update GitHub Action runner to macOS 13, 14, 15 and remove macOS 12\r\n\r\nThe macOS 12 version is deprecated and removed by the end of 2024.\r\nThis commit updates the GitHub Action runner to use macOS 13, 14,\r\nand 15 instead.","fileTypesAndContributionMap":{"yml":{"insertions":4,"deletions":5}}},{"hash":"b621a27854e8e643bc283337502693d58ef28087","isMergeCommit":false,"messageTitle":"[#2252] Add ubuntu-24.04 to CI runners (#2261)","messageBody":"Add ubuntu-24.04 to CI runners\r\n\r\nThis PR updates the CI configuration to include Ubuntu 24.04 as one \r\nof the runners. This ensures that our code is tested on the latest\r\nUbuntu version, providing better compatibility and early detection\r\nof potential issues.","fileTypesAndContributionMap":{"yml":{"insertions":5,"deletions":5}}}]},{"date":"2025-02-15","commitResults":[{"hash":"1c4706addd57b024994392b40129be64664b78ce","isMergeCommit":false,"messageTitle":"[#1955] Usage of directive shorthand syntax in .vue files (#2290)","messageBody":"Use directive shorthands in .vue files\n\nThis refactor removes explicit Vue directives and replaces them with\nshorthand syntax, following Vue\u0027s Style Guide practices to improve\nreadability and reduce verbosity.\n\nChanges include:\n- Using `:` instead of `v-bind:`\n- Using `@` instead of `v-on:`\n- Using `#` instead of `v-slot`","fileTypesAndContributionMap":{"md":{"insertions":13,"deletions":1}}}]},{"date":"2025-02-20","commitResults":[{"hash":"44bc3f70101473694eab792566cf6a23efe9dc41","isMergeCommit":false,"messageTitle":"[#2224] Update GitHub workflow to avoid deprecation warnings (#2298)","messageBody":"Update GitHub workflow to avoid deprecation warnings\n\nUpdated actions/checkout@v3 to v4 using Node 20.","fileTypesAndContributionMap":{"yml":{"insertions":6,"deletions":6}}}]}],"HollaG":[],"wx-03":[],"lyuanww":[{"date":"2025-02-01","commitResults":[{"hash":"4abd7f42c80abd3a4ca0a510b18e0b21bf309df6","isMergeCommit":false,"messageTitle":"[#2265][#2267]Fix outdated suggested solution for backend Task 1 (#2268)","messageBody":"* Update suggested solution for backend task 1 hint 3\r\n\r\n* Remove error\r\n\r\n* Update suggested solution for backend task 1 hint 2\r\n\r\n---------\r\n\r\nCo-authored-by: Ryan Poon \u003c96387349+sopa301@users.noreply.github.com\u003e","fileTypesAndContributionMap":{"md":{"insertions":14,"deletions":8}}}]},{"date":"2025-02-06","commitResults":[{"hash":"45f1e4f967cee81b51f876840bfd137b8cb17f0e","isMergeCommit":false,"messageTitle":"[#2213] Fix hr element not appearing in report (#2279)","messageBody":"Fix the \u003chr\u003e element not appearing in report\r\n\r\nThe \u003chr\u003e element in title.md and blurbs.md is not appearing in the\r\nreport because the normalise.css defaults the \u003chr\u003e element style.\r\n\r\nLet\u0027s override the \u003chr\u003e element style in style.scss so that it will\r\nappear in the report.","fileTypesAndContributionMap":{"scss":{"insertions":5,"deletions":0}}}]},{"date":"2025-03-15","commitResults":[{"hash":"48a60d6c0df1dc760e0e750b8687e09962a56abe","isMergeCommit":false,"messageTitle":"[#1941] Remove test mode flag (#2314)","messageBody":"Remove test mode flag\n\nCurrently, the test mode flag is not utilised in our codebase. The test\nmode flag was added to pass system tests due to legacy reasons and the\nrelated logic was removed in a previous PR.\n\nLet\u0027s remove the related code and documentation for the test mode flag\nto avoid additional maintenance.","fileTypesAndContributionMap":{"java":{"insertions":6,"deletions":49},"md":{"insertions":0,"deletions":16}}}]}],"mingyang143":[],"yyccbb":[],"gerteck":[],"InfinityTwo":[],"NorbertLoh":[],"yucongkoo":[],"BunnyHoppp":[],"CYX22222003":[{"date":"2025-02-01","commitResults":[{"hash":"214da5102c5fb5e2674313219664a79556d64c45","isMergeCommit":false,"messageTitle":"[#2277] Fix cypress setting up error (#2278)","messageBody":"Update apt package","fileTypesAndContributionMap":{"yml":{"insertions":3,"deletions":1}}},{"hash":"1f5e02251c05510df50e6a139d9874499204e207","isMergeCommit":false,"messageTitle":"[#2269] Update codecov version (#2271)","messageBody":"Update codecov version\r\n\r\nThe depreciation of older version of codecov script causes token-less\r\nupload of coverage report fail.\r\n\r\nLet\u0027s update the codecov action to the latest version.\r\n\r\n---------\r\n\r\nCo-authored-by: CHENYIXUN \u003cguest1@CHENYIXUN\u003e","fileTypesAndContributionMap":{"yml":{"insertions":1,"deletions":1}}}]},{"date":"2025-02-06","commitResults":[{"hash":"143af1caa9c1e8abe007ebc4390f87e77478bfa2","isMergeCommit":false,"messageTitle":"[#2262] Update type adapter adding methods for gson builder (#2270)","messageBody":"Update GSON type adapter adding methods\r\n\r\nThe registration of custom adapters for ZoneID and LocalDateTime causes\r\nThe JsonIOException to pop up when trying to run the jar file in java\r\n17.\r\n\r\nLet\u0027s use the registerTypeHierarchyAdapter method to add the custom\r\nadapters instead.","fileTypesAndContributionMap":{"java":{"insertions":44,"deletions":8},"md":{"insertions":2,"deletions":4}}}]},{"date":"2025-02-16","commitResults":[{"hash":"9876607192a42f3d80ae2bec919ad3c51c3071b8","isMergeCommit":false,"messageTitle":"[#2258] Update user guide for Netlify deployment (#2294)","messageBody":"Update Netlify build script\r\n\r\n* Update the Netlify appendix method will not be supported going\r\nforward.\r\n* Update this page to recommend Github Actions instead of Netlify\r\n* Change other references as needed.\r\n\r\nLet\u0027s update relevant part of UG.","fileTypesAndContributionMap":{"md":{"insertions":23,"deletions":9}}}]},{"date":"2025-03-03","commitResults":[{"hash":"98136d3ab4754ea2d71efe133a22bce7d4e086d8","isMergeCommit":false,"messageTitle":"[#2280] Specify time periods for different repos in csv config (#2281)","messageBody":"Specify time periods for different repos in csv config\n\nThis is to address the request to allow different periods for different\nrepos. \n\nLet\u0027s update the methods of parsing csv file and updating analysis\ndates of repo configuration in the backend.","fileTypesAndContributionMap":{"java":{"insertions":140,"deletions":8},"md":{"insertions":17,"deletions":16}}}]},{"date":"2025-03-05","commitResults":[{"hash":"ab87c6e386079d13733b88500e08aebf902660b2","isMergeCommit":false,"messageTitle":"[#2292] Fix surge.sh preview failure on PR (#2293)","messageBody":"Set allow_forks flag to true\n\nThe publish to surge.sh fails because of the failure in downloading\nartifacts. This appears to be caused by the fact that default value\nof allow_forks is false\n\nLet\u0027s manually set allow_forks to true","fileTypesAndContributionMap":{"yml":{"insertions":1,"deletions":0}}}]}],"Incogdino":[],"DhiraPT":[],"joeng03":[{"date":"2025-02-12","commitResults":[{"hash":"1d341ad5417fb88b899d21f2a8058b8230fc0d7d","isMergeCommit":false,"messageTitle":"[#2190] Add ESLint rule to enforce commas between types (#2287)","messageBody":"Add ESLint rule to enforce commas between types\r\n\r\nThis PR overrides the default behavior of requiring semicolon\r\nseparators for both interface and type in ESLint, to require semicolon\r\nseparator for interface and comma separator for type","fileTypesAndContributionMap":{"json":{"insertions":17,"deletions":1}}},{"hash":"363fc81199c249599d8ba4ee4a2e93246a239465","isMergeCommit":false,"messageTitle":"[#1952] Add description to Gradle tasks (#2288)","messageBody":"Add description to Gradle tasks for better readability","fileTypesAndContributionMap":{"gradle":{"insertions":33,"deletions":5}}}]},{"date":"2025-03-19","commitResults":[{"hash":"4b88cb5fb7fcc4c6a77e556aa81f0f8fc4d394a2","isMergeCommit":false,"messageTitle":"[#2327] Upgrade Vite version to 6.2.2 (#2328)","messageBody":"Upgrade Vite version to 6.2.2\n\nTo address 4 moderate vulnerability issues in npm.","fileTypesAndContributionMap":{"json":{"insertions":633,"deletions":476}}}]},{"date":"2025-03-23","commitResults":[{"hash":"9b7c7c1db8d8c62d1352a0c7bfc41577a950f0b5","isMergeCommit":false,"messageTitle":"[#2333] Add Renovate (#2335)","messageBody":"Add Renovate to automate package upgrades\n\nLet\u0027s add Renovate to further automate our dependency update process.","fileTypesAndContributionMap":{"json":{"insertions":31,"deletions":0}}}]}]},"authorFileTypeContributionMap":{"Izn432":{"java":0,"js":0,"scss":0,"json":0,"md":0,"py":0,"pug":0,"gradle":0,"sh":0,"yml":0},"IanCheah":{"java":0,"js":0,"scss":0,"json":0,"md":0,"py":0,"pug":0,"gradle":0,"sh":0,"yml":0},"Airiinnn":{"java":77,"js":0,"scss":0,"json":0,"md":11,"py":0,"pug":0,"gradle":1,"sh":0,"yml":5},"peasantbird":{"java":0,"js":0,"scss":0,"json":0,"md":0,"py":0,"pug":0,"gradle":0,"sh":0,"yml":0},"AgentHagu":{"java":0,"js":0,"scss":0,"json":0,"md":0,"py":0,"pug":0,"gradle":0,"sh":0,"yml":0},"JoanneHing":{"java":0,"js":0,"scss":0,"json":0,"md":13,"py":0,"pug":0,"gradle":0,"sh":0,"yml":12},"HollaG":{"java":0,"js":0,"scss":0,"json":0,"md":0,"py":0,"pug":0,"gradle":0,"sh":0,"yml":0},"wx-03":{"java":0,"js":0,"scss":0,"json":0,"md":0,"py":0,"pug":0,"gradle":0,"sh":0,"yml":0},"lyuanww":{"java":5,"js":0,"scss":5,"json":0,"md":11,"py":0,"pug":0,"gradle":0,"sh":0,"yml":0},"mingyang143":{"java":0,"js":0,"scss":0,"json":0,"md":0,"py":0,"pug":0,"gradle":0,"sh":0,"yml":0},"yyccbb":{"java":0,"js":0,"scss":0,"json":0,"md":0,"py":0,"pug":0,"gradle":0,"sh":0,"yml":0},"gerteck":{"java":0,"js":0,"scss":0,"json":0,"md":0,"py":0,"pug":0,"gradle":0,"sh":0,"yml":0},"InfinityTwo":{"java":0,"js":0,"scss":0,"json":0,"md":0,"py":0,"pug":0,"gradle":0,"sh":0,"yml":0},"NorbertLoh":{"java":0,"js":0,"scss":0,"json":0,"md":0,"py":0,"pug":0,"gradle":0,"sh":0,"yml":0},"yucongkoo":{"java":0,"js":0,"scss":0,"json":0,"md":0,"py":0,"pug":0,"gradle":0,"sh":0,"yml":0},"BunnyHoppp":{"java":0,"js":0,"scss":0,"json":0,"md":0,"py":0,"pug":0,"gradle":0,"sh":0,"yml":0},"CYX22222003":{"java":181,"js":0,"scss":0,"json":0,"md":25,"py":0,"pug":0,"gradle":0,"sh":0,"yml":5},"Incogdino":{"java":0,"js":0,"scss":0,"json":0,"md":0,"py":0,"pug":0,"gradle":0,"sh":0,"yml":0},"DhiraPT":{"java":0,"js":0,"scss":0,"json":0,"md":0,"py":0,"pug":0,"gradle":0,"sh":0,"yml":0},"joeng03":{"java":0,"js":0,"scss":0,"json":614,"md":0,"py":0,"pug":0,"gradle":33,"sh":0,"yml":0}},"authorContributionVariance":{"Izn432":0.0,"IanCheah":0.0,"Airiinnn":83.070724,"peasantbird":0.0,"AgentHagu":0.0,"JoanneHing":6.0449495,"HollaG":0.0,"wx-03":0.0,"lyuanww":48.3629,"mingyang143":0.0,"yyccbb":0.0,"gerteck":0.0,"InfinityTwo":0.0,"NorbertLoh":0.0,"yucongkoo":0.0,"BunnyHoppp":0.0,"CYX22222003":323.0269,"Incogdino":0.0,"DhiraPT":0.0,"joeng03":10808.135},"authorDisplayNameMap":{"Izn432":"ISAA.. JIE","IanCheah":"CHEA.. IAN","Airiinnn":"ALEX..ANDY","peasantbird":"WONG..RAND","AgentHagu":"ADRI..IANG","JoanneHing":"HING..XING","HollaG":"SOH ..RCUS","wx-03":"TNG ..N XI","lyuanww":"WONG..YUAN","mingyang143":"LI M..YANG","yyccbb":"YU C..ENBO","gerteck":"CHAN..TECK","InfinityTwo":"POH ..KANG","NorbertLoh":"LOH ..BERT","yucongkoo":"KOO ..CONG","BunnyHoppp":"TENG..LOON","CYX22222003":"CHEN..IXUN","Incogdino":"JAVI.. WEE","DhiraPT":"DHIR..GARA","joeng03":"NG Y.. JOE"}}
