{"authorDailyContributionsMap":{"Izn432":[],"IanCheah":[],"Airiinnn":[{"date":"2025-02-01","commitResults":[{"hash":"b70bf5e9e0c66c5a45b93b6f4233c568ee4a80e8","isMergeCommit":false,"messageTitle":"[#2273] Update workflows to use v4 of artifact actions (#2274)","messageBody":"Upgrade artifact actions to v4\r\n\r\nAll workflows using v3 of artifact actions automatically fail from\r\n2025-01-30 onwards due to deprecation.\r\n\r\nLet\u0027s upgrade to the latest version (v4).","fileTypesAndContributionMap":{"yml":{"insertions":2,"deletions":2}}}]},{"date":"2025-02-03","commitResults":[{"hash":"5c63df37a2a2d5174f9a1ff8c08b40098f688c10","isMergeCommit":false,"messageTitle":"[#2266] Fix Cypress tests that fail locally (#2272)","messageBody":"Set UTC timezone for test reports\r\n\r\nRunning Cypress tests locally uses system\u0027s default timezone\r\n(UTC+8), causing 3 tests that check for dates to fail. These 3 tests\r\npass on GitHub Actions as the system\u0027s default timezone is UTC.\r\n\r\nLet\u0027s standardize the timezone for all cypress tests to UTC.","fileTypesAndContributionMap":{"gradle":{"insertions":1,"deletions":1},"js":{"insertions":0,"deletions":1}}}]}],"peasantbird":[],"AgentHagu":[],"JoanneHing":[{"date":"2025-01-27","commitResults":[{"hash":"7eb104c42381cfc2f331c9e6e4779fd6adcc5e29","isMergeCommit":false,"messageTitle":"[#2259] Upgrade GitHub Actions macOS runners to 13, 14 and 15 (#2260)","messageBody":"Update GitHub Action runner to macOS 13, 14, 15 and remove macOS 12\r\n\r\nThe macOS 12 version is deprecated and removed by the end of 2024.\r\nThis commit updates the GitHub Action runner to use macOS 13, 14,\r\nand 15 instead.","fileTypesAndContributionMap":{"yml":{"insertions":4,"deletions":5}}},{"hash":"b621a27854e8e643bc283337502693d58ef28087","isMergeCommit":false,"messageTitle":"[#2252] Add ubuntu-24.04 to CI runners (#2261)","messageBody":"Add ubuntu-24.04 to CI runners\r\n\r\nThis PR updates the CI configuration to include Ubuntu 24.04 as one \r\nof the runners. This ensures that our code is tested on the latest\r\nUbuntu version, providing better compatibility and early detection\r\nof potential issues.","fileTypesAndContributionMap":{"yml":{"insertions":5,"deletions":5}}}]}],"HollaG":[],"wx-03":[],"lyuanww":[{"date":"2025-02-01","commitResults":[{"hash":"4abd7f42c80abd3a4ca0a510b18e0b21bf309df6","isMergeCommit":false,"messageTitle":"[#2265][#2267]Fix outdated suggested solution for backend Task 1 (#2268)","messageBody":"* Update suggested solution for backend task 1 hint 3\r\n\r\n* Remove error\r\n\r\n* Update suggested solution for backend task 1 hint 2\r\n\r\n---------\r\n\r\nCo-authored-by: Ryan Poon \u003c96387349+sopa301@users.noreply.github.com\u003e","fileTypesAndContributionMap":{"md":{"insertions":14,"deletions":8}}}]},{"date":"2025-02-06","commitResults":[{"hash":"45f1e4f967cee81b51f876840bfd137b8cb17f0e","isMergeCommit":false,"messageTitle":"[#2213] Fix hr element not appearing in report (#2279)","messageBody":"Fix the \u003chr\u003e element not appearing in report\r\n\r\nThe \u003chr\u003e element in title.md and blurbs.md is not appearing in the\r\nreport because the normalise.css defaults the \u003chr\u003e element style.\r\n\r\nLet\u0027s override the \u003chr\u003e element style in style.scss so that it will\r\nappear in the report.","fileTypesAndContributionMap":{"scss":{"insertions":5,"deletions":0}}}]}],"mingyang143":[],"yyccbb":[],"gerteck":[],"InfinityTwo":[],"NorbertLoh":[],"yucongkoo":[],"BunnyHoppp":[],"CYX22222003":[{"date":"2025-02-01","commitResults":[{"hash":"214da5102c5fb5e2674313219664a79556d64c45","isMergeCommit":false,"messageTitle":"[#2277] Fix cypress setting up error (#2278)","messageBody":"Update apt package","fileTypesAndContributionMap":{"yml":{"insertions":3,"deletions":1}}},{"hash":"1f5e02251c05510df50e6a139d9874499204e207","isMergeCommit":false,"messageTitle":"[#2269] Update codecov version (#2271)","messageBody":"Update codecov version\r\n\r\nThe depreciation of older version of codecov script causes token-less\r\nupload of coverage report fail.\r\n\r\nLet\u0027s update the codecov action to the latest version.\r\n\r\n---------\r\n\r\nCo-authored-by: CHENYIXUN \u003cguest1@CHENYIXUN\u003e","fileTypesAndContributionMap":{"yml":{"insertions":1,"deletions":1}}}]},{"date":"2025-02-06","commitResults":[{"hash":"143af1caa9c1e8abe007ebc4390f87e77478bfa2","isMergeCommit":false,"messageTitle":"[#2262] Update type adapter adding methods for gson builder (#2270)","messageBody":"Update GSON type adapter adding methods\r\n\r\nThe registration of custom adapters for ZoneID and LocalDateTime causes\r\nThe JsonIOException to pop up when trying to run the jar file in java\r\n17.\r\n\r\nLet\u0027s use the registerTypeHierarchyAdapter method to add the custom\r\nadapters instead.","fileTypesAndContributionMap":{"java":{"insertions":44,"deletions":8},"md":{"insertions":2,"deletions":4}}}]}],"Incogdino":[],"DhiraPT":[],"joeng03":[]},"authorFileTypeContributionMap":{"Izn432":{"java":0,"js":0,"scss":0,"json":0,"md":0,"py":0,"pug":0,"gradle":0,"sh":0,"yml":0},"IanCheah":{"java":0,"js":0,"scss":0,"json":0,"md":0,"py":0,"pug":0,"gradle":0,"sh":0,"yml":0},"Airiinnn":{"java":0,"js":0,"scss":0,"json":0,"md":0,"py":0,"pug":0,"gradle":1,"sh":0,"yml":2},"peasantbird":{"java":0,"js":0,"scss":0,"json":0,"md":0,"py":0,"pug":0,"gradle":0,"sh":0,"yml":0},"AgentHagu":{"java":0,"js":0,"scss":0,"json":0,"md":0,"py":0,"pug":0,"gradle":0,"sh":0,"yml":0},"JoanneHing":{"java":0,"js":0,"scss":0,"json":0,"md":0,"py":0,"pug":0,"gradle":0,"sh":0,"yml":6},"HollaG":{"java":0,"js":0,"scss":0,"json":0,"md":0,"py":0,"pug":0,"gradle":0,"sh":0,"yml":0},"wx-03":{"java":0,"js":0,"scss":0,"json":0,"md":0,"py":0,"pug":0,"gradle":0,"sh":0,"yml":0},"lyuanww":{"java":0,"js":0,"scss":5,"json":0,"md":11,"py":0,"pug":0,"gradle":0,"sh":0,"yml":0},"mingyang143":{"java":0,"js":0,"scss":0,"json":0,"md":0,"py":0,"pug":0,"gradle":0,"sh":0,"yml":0},"yyccbb":{"java":0,"js":0,"scss":0,"json":0,"md":0,"py":0,"pug":0,"gradle":0,"sh":0,"yml":0},"gerteck":{"java":0,"js":0,"scss":0,"json":0,"md":0,"py":0,"pug":0,"gradle":0,"sh":0,"yml":0},"InfinityTwo":{"java":0,"js":0,"scss":0,"json":0,"md":0,"py":0,"pug":0,"gradle":0,"sh":0,"yml":0},"NorbertLoh":{"java":0,"js":0,"scss":0,"json":0,"md":0,"py":0,"pug":0,"gradle":0,"sh":0,"yml":0},"yucongkoo":{"java":0,"js":0,"scss":0,"json":0,"md":0,"py":0,"pug":0,"gradle":0,"sh":0,"yml":0},"BunnyHoppp":{"java":0,"js":0,"scss":0,"json":0,"md":0,"py":0,"pug":0,"gradle":0,"sh":0,"yml":0},"CYX22222003":{"java":44,"js":0,"scss":0,"json":0,"md":2,"py":0,"pug":0,"gradle":0,"sh":0,"yml":4},"Incogdino":{"java":0,"js":0,"scss":0,"json":0,"md":0,"py":0,"pug":0,"gradle":0,"sh":0,"yml":0},"DhiraPT":{"java":0,"js":0,"scss":0,"json":0,"md":0,"py":0,"pug":0,"gradle":0,"sh":0,"yml":0},"joeng03":{"java":0,"js":0,"scss":0,"json":0,"md":0,"py":0,"pug":0,"gradle":0,"sh":0,"yml":0}},"authorContributionVariance":{"Izn432":0.0,"IanCheah":0.0,"Airiinnn":0.35705018,"peasantbird":0.0,"AgentHagu":0.0,"JoanneHing":5.230752,"HollaG":0.0,"wx-03":0.0,"lyuanww":7.3276386,"mingyang143":0.0,"yyccbb":0.0,"gerteck":0.0,"InfinityTwo":0.0,"NorbertLoh":0.0,"yucongkoo":0.0,"BunnyHoppp":0.0,"CYX22222003":49.114185,"Incogdino":0.0,"DhiraPT":0.0,"joeng03":0.0},"authorDisplayNameMap":{"Izn432":"ISAA.. JIE","IanCheah":"CHEA.. IAN","Airiinnn":"ALEX..ANDY","peasantbird":"WONG..RAND","AgentHagu":"ADRI..IANG","JoanneHing":"HING..XING","HollaG":"SOH ..RCUS","wx-03":"TNG ..N XI","lyuanww":"WONG..YUAN","mingyang143":"LI M..YANG","yyccbb":"YU C..ENBO","gerteck":"CHAN..TECK","InfinityTwo":"POH ..KANG","NorbertLoh":"LOH ..BERT","yucongkoo":"KOO ..CONG","BunnyHoppp":"TENG..LOON","CYX22222003":"CHEN..IXUN","Incogdino":"JAVI.. WEE","DhiraPT":"DHIR..GARA","joeng03":"NG Y.. JOE"}}
