[{"path":"packages/core-web/src/styles/markbind.css","fileType":"css","lines":[{"lineNumber":1,"author":{"gitId":"-"},"content":"@import url(\"../../asset/css/codeblock-light.min.css\") print;","isFullCredit":false},{"lineNumber":2,"author":{"gitId":"-"},"content":"","isFullCredit":false},{"lineNumber":3,"author":{"gitId":"-"},"content":":root {","isFullCredit":false},{"lineNumber":4,"author":{"gitId":"-"},"content":"    --sticky-header-height: 0;","isFullCredit":false},{"lineNumber":5,"author":{"gitId":"-"},"content":"}","isFullCredit":false},{"lineNumber":6,"author":{"gitId":"-"},"content":"","isFullCredit":false},{"lineNumber":7,"author":{"gitId":"-"},"content":"a {","isFullCredit":false},{"lineNumber":8,"author":{"gitId":"-"},"content":"    text-decoration: none;","isFullCredit":false},{"lineNumber":9,"author":{"gitId":"-"},"content":"}","isFullCredit":false},{"lineNumber":10,"author":{"gitId":"-"},"content":"","isFullCredit":false},{"lineNumber":11,"author":{"gitId":"-"},"content":"blockquote {","isFullCredit":false},{"lineNumber":12,"author":{"gitId":"-"},"content":"    border-left: 0.25em solid #dfe2e5;","isFullCredit":false},{"lineNumber":13,"author":{"gitId":"-"},"content":"    color: #6a737d;","isFullCredit":false},{"lineNumber":14,"author":{"gitId":"-"},"content":"    padding: 0 1rem;","isFullCredit":false},{"lineNumber":15,"author":{"gitId":"-"},"content":"}","isFullCredit":false},{"lineNumber":16,"author":{"gitId":"-"},"content":"","isFullCredit":false},{"lineNumber":17,"author":{"gitId":"-"},"content":"code {","isFullCredit":false},{"lineNumber":18,"author":{"gitId":"-"},"content":"    background: #f8f8f8;","isFullCredit":false},{"lineNumber":19,"author":{"gitId":"-"},"content":"    border-radius: 3px;","isFullCredit":false},{"lineNumber":20,"author":{"gitId":"-"},"content":"    padding: 0.2em 0.4em;","isFullCredit":false},{"lineNumber":21,"author":{"gitId":"-"},"content":"    word-break: normal;","isFullCredit":false},{"lineNumber":22,"author":{"gitId":"-"},"content":"}","isFullCredit":false},{"lineNumber":23,"author":{"gitId":"-"},"content":"","isFullCredit":false},{"lineNumber":24,"author":{"gitId":"-"},"content":"mark code {","isFullCredit":false},{"lineNumber":25,"author":{"gitId":"-"},"content":"    background: #ffffffd4;","isFullCredit":false},{"lineNumber":26,"author":{"gitId":"-"},"content":"}","isFullCredit":false},{"lineNumber":27,"author":{"gitId":"-"},"content":"","isFullCredit":false},{"lineNumber":28,"author":{"gitId":"-"},"content":"pre.hljs \u003e code {","isFullCredit":false},{"lineNumber":29,"author":{"gitId":"-"},"content":"    background: none;","isFullCredit":false},{"lineNumber":30,"author":{"gitId":"-"},"content":"}","isFullCredit":false},{"lineNumber":31,"author":{"gitId":"-"},"content":"","isFullCredit":false},{"lineNumber":32,"author":{"gitId":"-"},"content":"pre \u003e code.hljs {","isFullCredit":false},{"lineNumber":33,"author":{"gitId":"-"},"content":"    background-clip: padding-box;","isFullCredit":false},{"lineNumber":34,"author":{"gitId":"-"},"content":"    border-radius: 5px;","isFullCredit":false},{"lineNumber":35,"author":{"gitId":"-"},"content":"    counter-reset: line;","isFullCredit":false},{"lineNumber":36,"author":{"gitId":"-"},"content":"    width: 100%;","isFullCredit":false},{"lineNumber":37,"author":{"gitId":"-"},"content":"}","isFullCredit":false},{"lineNumber":38,"author":{"gitId":"-"},"content":"","isFullCredit":false},{"lineNumber":39,"author":{"gitId":"-"},"content":"pre \u003e code.hljs[heading] {","isFullCredit":false},{"lineNumber":40,"author":{"gitId":"-"},"content":"    border-top-right-radius: 0;","isFullCredit":false},{"lineNumber":41,"author":{"gitId":"-"},"content":"}","isFullCredit":false},{"lineNumber":42,"author":{"gitId":"-"},"content":"","isFullCredit":false},{"lineNumber":43,"author":{"gitId":"-"},"content":".code-block {","isFullCredit":false},{"lineNumber":44,"author":{"gitId":"-"},"content":"    position: relative;","isFullCredit":false},{"lineNumber":45,"author":{"gitId":"-"},"content":"}","isFullCredit":false},{"lineNumber":46,"author":{"gitId":"-"},"content":"","isFullCredit":false},{"lineNumber":47,"author":{"gitId":"-"},"content":".code-block-heading {","isFullCredit":false},{"lineNumber":48,"author":{"gitId":"-"},"content":"    border-radius: 6px 6px 0 0;","isFullCredit":false},{"lineNumber":49,"author":{"gitId":"-"},"content":"    float: right;","isFullCredit":false},{"lineNumber":50,"author":{"gitId":"-"},"content":"    font-size: 85%;","isFullCredit":false},{"lineNumber":51,"author":{"gitId":"-"},"content":"    line-height: 1;","isFullCredit":false},{"lineNumber":52,"author":{"gitId":"-"},"content":"    margin-top: 5px;","isFullCredit":false},{"lineNumber":53,"author":{"gitId":"-"},"content":"    max-width: 85%;","isFullCredit":false},{"lineNumber":54,"author":{"gitId":"-"},"content":"    overflow-wrap: break-word;","isFullCredit":false},{"lineNumber":55,"author":{"gitId":"-"},"content":"    padding: 0.25em 0.4em;","isFullCredit":false},{"lineNumber":56,"author":{"gitId":"-"},"content":"    text-align: right;","isFullCredit":false},{"lineNumber":57,"author":{"gitId":"-"},"content":"}","isFullCredit":false},{"lineNumber":58,"author":{"gitId":"-"},"content":"","isFullCredit":false},{"lineNumber":59,"author":{"gitId":"-"},"content":".inline-markdown-heading {","isFullCredit":false},{"lineNumber":60,"author":{"gitId":"-"},"content":"    line-height: 1.5;","isFullCredit":false},{"lineNumber":61,"author":{"gitId":"-"},"content":"}","isFullCredit":false},{"lineNumber":62,"author":{"gitId":"-"},"content":"","isFullCredit":false},{"lineNumber":63,"author":{"gitId":"-"},"content":".code-block-content {","isFullCredit":false},{"lineNumber":64,"author":{"gitId":"-"},"content":"    clear: both;","isFullCredit":false},{"lineNumber":65,"author":{"gitId":"-"},"content":"    display: block;","isFullCredit":false},{"lineNumber":66,"author":{"gitId":"-"},"content":"}","isFullCredit":false},{"lineNumber":67,"author":{"gitId":"-"},"content":"","isFullCredit":false},{"lineNumber":68,"author":{"gitId":"-"},"content":"@media print {","isFullCredit":false},{"lineNumber":69,"author":{"gitId":"-"},"content":"    pre \u003e code.hljs {","isFullCredit":false},{"lineNumber":70,"author":{"gitId":"-"},"content":"        white-space: pre-wrap;","isFullCredit":false},{"lineNumber":71,"author":{"gitId":"-"},"content":"        word-wrap: break-word;","isFullCredit":false},{"lineNumber":72,"author":{"gitId":"-"},"content":"        word-break: break-all;","isFullCredit":false},{"lineNumber":73,"author":{"gitId":"-"},"content":"    }","isFullCredit":false},{"lineNumber":74,"author":{"gitId":"-"},"content":"","isFullCredit":false},{"lineNumber":75,"author":{"gitId":"-"},"content":"    .hljs:not(.inline).line-numbers-print \u003e span {","isFullCredit":false},{"lineNumber":76,"author":{"gitId":"-"},"content":"        padding: 0 0.5em 0 3.5em;","isFullCredit":false},{"lineNumber":77,"author":{"gitId":"-"},"content":"        position: relative;","isFullCredit":false},{"lineNumber":78,"author":{"gitId":"-"},"content":"    }","isFullCredit":false},{"lineNumber":79,"author":{"gitId":"-"},"content":"","isFullCredit":false},{"lineNumber":80,"author":{"gitId":"-"},"content":"    /* display line numbers beside each span */","isFullCredit":false},{"lineNumber":81,"author":{"gitId":"-"},"content":"    .hljs:not(.inline).line-numbers-print \u003e span::before {","isFullCredit":false},{"lineNumber":82,"author":{"gitId":"-"},"content":"        border-right: 1px solid #ddd;","isFullCredit":false},{"lineNumber":83,"author":{"gitId":"-"},"content":"        display: inline-block;","isFullCredit":false},{"lineNumber":84,"author":{"gitId":"-"},"content":"        color: #888;","isFullCredit":false},{"lineNumber":85,"author":{"gitId":"-"},"content":"        content: counter(line);","isFullCredit":false},{"lineNumber":86,"author":{"gitId":"-"},"content":"        counter-increment: line;","isFullCredit":false},{"lineNumber":87,"author":{"gitId":"-"},"content":"        left: 0;","isFullCredit":false},{"lineNumber":88,"author":{"gitId":"-"},"content":"        margin-right: 0.5em;","isFullCredit":false},{"lineNumber":89,"author":{"gitId":"-"},"content":"        padding-right: 0.5em;","isFullCredit":false},{"lineNumber":90,"author":{"gitId":"-"},"content":"        position: absolute;","isFullCredit":false},{"lineNumber":91,"author":{"gitId":"-"},"content":"        text-align: right;","isFullCredit":false},{"lineNumber":92,"author":{"gitId":"-"},"content":"        top: 0;","isFullCredit":false},{"lineNumber":93,"author":{"gitId":"-"},"content":"        width: 3em;","isFullCredit":false},{"lineNumber":94,"author":{"gitId":"-"},"content":"        height: 100%;","isFullCredit":false},{"lineNumber":95,"author":{"gitId":"-"},"content":"    }","isFullCredit":false},{"lineNumber":96,"author":{"gitId":"-"},"content":"","isFullCredit":false},{"lineNumber":97,"author":{"gitId":"-"},"content":"    /* force printing the highlighting colour */","isFullCredit":false},{"lineNumber":98,"author":{"gitId":"-"},"content":"    .hljs span.highlighted{","isFullCredit":false},{"lineNumber":99,"author":{"gitId":"-"},"content":"        -webkit-print-color-adjust:exact;","isFullCredit":false},{"lineNumber":100,"author":{"gitId":"-"},"content":"        background:#e6e6fa !important;","isFullCredit":false},{"lineNumber":101,"author":{"gitId":"-"},"content":"    }","isFullCredit":false},{"lineNumber":102,"author":{"gitId":"-"},"content":"}","isFullCredit":false},{"lineNumber":103,"author":{"gitId":"-"},"content":"","isFullCredit":false},{"lineNumber":104,"author":{"gitId":"-"},"content":"kbd {","isFullCredit":false},{"lineNumber":105,"author":{"gitId":"-"},"content":"    background-color: #fafbfc;","isFullCredit":false},{"lineNumber":106,"author":{"gitId":"-"},"content":"    border: 1px solid #c6cbd1;","isFullCredit":false},{"lineNumber":107,"author":{"gitId":"-"},"content":"    border-bottom-color: #959da5;","isFullCredit":false},{"lineNumber":108,"author":{"gitId":"-"},"content":"    box-shadow: inset 0 -1px 0 #959da5;","isFullCredit":false},{"lineNumber":109,"author":{"gitId":"-"},"content":"    color: #444d56;","isFullCredit":false},{"lineNumber":110,"author":{"gitId":"-"},"content":"}","isFullCredit":false},{"lineNumber":111,"author":{"gitId":"-"},"content":"","isFullCredit":false},{"lineNumber":112,"author":{"gitId":"-"},"content":".btn:active,","isFullCredit":false},{"lineNumber":113,"author":{"gitId":"-"},"content":".btn:focus {","isFullCredit":false},{"lineNumber":114,"author":{"gitId":"-"},"content":"    box-shadow: none !important;","isFullCredit":false},{"lineNumber":115,"author":{"gitId":"-"},"content":"    outline: none !important;","isFullCredit":false},{"lineNumber":116,"author":{"gitId":"-"},"content":"}","isFullCredit":false},{"lineNumber":117,"author":{"gitId":"-"},"content":"","isFullCredit":false},{"lineNumber":118,"author":{"gitId":"-"},"content":"code.hljs.inline {","isFullCredit":false},{"lineNumber":119,"author":{"gitId":"-"},"content":"    display: initial;","isFullCredit":false},{"lineNumber":120,"author":{"gitId":"-"},"content":"    padding: 0.2em 0.4em;","isFullCredit":false},{"lineNumber":121,"author":{"gitId":"-"},"content":"}","isFullCredit":false},{"lineNumber":122,"author":{"gitId":"-"},"content":"","isFullCredit":false},{"lineNumber":123,"author":{"gitId":"-"},"content":".markbind-table {","isFullCredit":false},{"lineNumber":124,"author":{"gitId":"-"},"content":"    width: auto;","isFullCredit":false},{"lineNumber":125,"author":{"gitId":"-"},"content":"}","isFullCredit":false},{"lineNumber":126,"author":{"gitId":"-"},"content":"","isFullCredit":false},{"lineNumber":127,"author":{"gitId":"-"},"content":".radio-list-item,","isFullCredit":false},{"lineNumber":128,"author":{"gitId":"-"},"content":".task-list-item {","isFullCredit":false},{"lineNumber":129,"author":{"gitId":"-"},"content":"    list-style-type: none;","isFullCredit":false},{"lineNumber":130,"author":{"gitId":"-"},"content":"    margin: 0 0 0 -1.2em;","isFullCredit":false},{"lineNumber":131,"author":{"gitId":"-"},"content":"}","isFullCredit":false},{"lineNumber":132,"author":{"gitId":"-"},"content":"","isFullCredit":false},{"lineNumber":133,"author":{"gitId":"-"},"content":".radio-list-item label {","isFullCredit":false},{"lineNumber":134,"author":{"gitId":"-"},"content":"    font-weight: inherit;","isFullCredit":false},{"lineNumber":135,"author":{"gitId":"-"},"content":"}","isFullCredit":false},{"lineNumber":136,"author":{"gitId":"-"},"content":"","isFullCredit":false},{"lineNumber":137,"author":{"gitId":"-"},"content":".table-striped \u003e thead,","isFullCredit":false},{"lineNumber":138,"author":{"gitId":"-"},"content":".table-striped \u003e tbody \u003e tr:nth-of-type(even) {","isFullCredit":false},{"lineNumber":139,"author":{"gitId":"-"},"content":"    background-color: #fff;","isFullCredit":false},{"lineNumber":140,"author":{"gitId":"-"},"content":"}","isFullCredit":false},{"lineNumber":141,"author":{"gitId":"-"},"content":"","isFullCredit":false},{"lineNumber":142,"author":{"gitId":"-"},"content":"/**","isFullCredit":false},{"lineNumber":143,"author":{"gitId":"-"},"content":"  * Holy Grail Layout","isFullCredit":false},{"lineNumber":144,"author":{"gitId":"-"},"content":"  *","isFullCredit":false},{"lineNumber":145,"author":{"gitId":"-"},"content":"  * This section covers the common styles used within Header, Footer and Side Navigation bars","isFullCredit":false},{"lineNumber":146,"author":{"gitId":"-"},"content":"  */","isFullCredit":false},{"lineNumber":147,"author":{"gitId":"-"},"content":"","isFullCredit":false},{"lineNumber":148,"author":{"gitId":"-"},"content":"/* Header */","isFullCredit":false},{"lineNumber":149,"author":{"gitId":"-"},"content":"","isFullCredit":false},{"lineNumber":150,"author":{"gitId":"-"},"content":"header[sticky] {","isFullCredit":false},{"lineNumber":151,"author":{"gitId":"-"},"content":"    position: sticky;","isFullCredit":false},{"lineNumber":152,"author":{"gitId":"-"},"content":"    top: 0;","isFullCredit":false},{"lineNumber":153,"author":{"gitId":"-"},"content":"    transition: transform 0.3s ease-in-out;","isFullCredit":false},{"lineNumber":154,"author":{"gitId":"-"},"content":"    width: 100%;","isFullCredit":false},{"lineNumber":155,"author":{"gitId":"-"},"content":"    z-index: 1001;","isFullCredit":false},{"lineNumber":156,"author":{"gitId":"-"},"content":"}","isFullCredit":false},{"lineNumber":157,"author":{"gitId":"-"},"content":"","isFullCredit":false},{"lineNumber":158,"author":{"gitId":"-"},"content":"header[sticky].hide-header {","isFullCredit":false},{"lineNumber":159,"author":{"gitId":"-"},"content":"    transform: translateY(calc(-1 * var(--sticky-header-height)));","isFullCredit":false},{"lineNumber":160,"author":{"gitId":"-"},"content":"}","isFullCredit":false},{"lineNumber":161,"author":{"gitId":"-"},"content":"","isFullCredit":false},{"lineNumber":162,"author":{"gitId":"-"},"content":"span.anchor {","isFullCredit":false},{"lineNumber":163,"author":{"gitId":"-"},"content":"    position: relative;","isFullCredit":false},{"lineNumber":164,"author":{"gitId":"-"},"content":"    top: calc(-1 * var(--sticky-header-height) - 1rem);","isFullCredit":false},{"lineNumber":165,"author":{"gitId":"-"},"content":"}","isFullCredit":false},{"lineNumber":166,"author":{"gitId":"-"},"content":"","isFullCredit":false},{"lineNumber":167,"author":{"gitId":"-"},"content":"/* #app is treated as the main container */","isFullCredit":false},{"lineNumber":168,"author":{"gitId":"-"},"content":"#app {","isFullCredit":false},{"lineNumber":169,"author":{"gitId":"-"},"content":"    display: flex;","isFullCredit":false},{"lineNumber":170,"author":{"gitId":"-"},"content":"    flex-direction: column;","isFullCredit":false},{"lineNumber":171,"author":{"gitId":"-"},"content":"    min-height: 100vh;","isFullCredit":false},{"lineNumber":172,"author":{"gitId":"-"},"content":"}","isFullCredit":false},{"lineNumber":173,"author":{"gitId":"-"},"content":"","isFullCredit":false},{"lineNumber":174,"author":{"gitId":"-"},"content":"/* Footer */","isFullCredit":false},{"lineNumber":175,"author":{"gitId":"-"},"content":"footer {","isFullCredit":false},{"lineNumber":176,"author":{"gitId":"-"},"content":"    background-color: #f5f5f5;","isFullCredit":false},{"lineNumber":177,"author":{"gitId":"-"},"content":"    color: dimgrey;","isFullCredit":false},{"lineNumber":178,"author":{"gitId":"-"},"content":"    padding: 10px 0;","isFullCredit":false},{"lineNumber":179,"author":{"gitId":"-"},"content":"}","isFullCredit":false},{"lineNumber":180,"author":{"gitId":"-"},"content":"","isFullCredit":false},{"lineNumber":181,"author":{"gitId":"-"},"content":"/* TODO move this back to markdown-it-attr if bundling is implemented */","isFullCredit":false},{"lineNumber":182,"author":{"gitId":"-"},"content":".dimmed {","isFullCredit":false},{"lineNumber":183,"author":{"gitId":"-"},"content":"    color: #777;","isFullCredit":false},{"lineNumber":184,"author":{"gitId":"-"},"content":"}","isFullCredit":false},{"lineNumber":185,"author":{"gitId":"-"},"content":"","isFullCredit":false},{"lineNumber":186,"author":{"gitId":"-"},"content":".large {","isFullCredit":false},{"lineNumber":187,"author":{"gitId":"-"},"content":"    font-size: 125%;","isFullCredit":false},{"lineNumber":188,"author":{"gitId":"-"},"content":"}","isFullCredit":false},{"lineNumber":189,"author":{"gitId":"-"},"content":"","isFullCredit":false},{"lineNumber":190,"author":{"gitId":"-"},"content":".small {","isFullCredit":false},{"lineNumber":191,"author":{"gitId":"-"},"content":"    font-size: 80%;","isFullCredit":false},{"lineNumber":192,"author":{"gitId":"-"},"content":"}","isFullCredit":false},{"lineNumber":193,"author":{"gitId":"-"},"content":"","isFullCredit":false},{"lineNumber":194,"author":{"gitId":"-"},"content":".underline {","isFullCredit":false},{"lineNumber":195,"author":{"gitId":"-"},"content":"    text-decoration: underline;","isFullCredit":false},{"lineNumber":196,"author":{"gitId":"-"},"content":"}","isFullCredit":false},{"lineNumber":197,"author":{"gitId":"-"},"content":"","isFullCredit":false},{"lineNumber":198,"author":{"gitId":"-"},"content":".mkb-text-red {","isFullCredit":false},{"lineNumber":199,"author":{"gitId":"-"},"content":"    color: red !important;","isFullCredit":false},{"lineNumber":200,"author":{"gitId":"-"},"content":"}","isFullCredit":false},{"lineNumber":201,"author":{"gitId":"-"},"content":"","isFullCredit":false},{"lineNumber":202,"author":{"gitId":"-"},"content":".mkb-text-green {","isFullCredit":false},{"lineNumber":203,"author":{"gitId":"-"},"content":"    color: green !important;","isFullCredit":false},{"lineNumber":204,"author":{"gitId":"-"},"content":"}","isFullCredit":false},{"lineNumber":205,"author":{"gitId":"-"},"content":"","isFullCredit":false},{"lineNumber":206,"author":{"gitId":"-"},"content":".mkb-text-blue {","isFullCredit":false},{"lineNumber":207,"author":{"gitId":"-"},"content":"    color: blue !important;","isFullCredit":false},{"lineNumber":208,"author":{"gitId":"-"},"content":"}","isFullCredit":false},{"lineNumber":209,"author":{"gitId":"-"},"content":"","isFullCredit":false},{"lineNumber":210,"author":{"gitId":"-"},"content":".mkb-text-cyan {","isFullCredit":false},{"lineNumber":211,"author":{"gitId":"-"},"content":"    color: cyan !important;","isFullCredit":false},{"lineNumber":212,"author":{"gitId":"-"},"content":"}","isFullCredit":false},{"lineNumber":213,"author":{"gitId":"-"},"content":"","isFullCredit":false},{"lineNumber":214,"author":{"gitId":"-"},"content":".mkb-text-magenta {","isFullCredit":false},{"lineNumber":215,"author":{"gitId":"-"},"content":"    color: magenta !important;","isFullCredit":false},{"lineNumber":216,"author":{"gitId":"-"},"content":"}","isFullCredit":false},{"lineNumber":217,"author":{"gitId":"-"},"content":"","isFullCredit":false},{"lineNumber":218,"author":{"gitId":"-"},"content":".mkb-text-yellow {","isFullCredit":false},{"lineNumber":219,"author":{"gitId":"-"},"content":"    color: yellow !important;","isFullCredit":false},{"lineNumber":220,"author":{"gitId":"-"},"content":"}","isFullCredit":false},{"lineNumber":221,"author":{"gitId":"-"},"content":"","isFullCredit":false},{"lineNumber":222,"author":{"gitId":"-"},"content":".mkb-text-black {","isFullCredit":false},{"lineNumber":223,"author":{"gitId":"-"},"content":"    color: black !important;","isFullCredit":false},{"lineNumber":224,"author":{"gitId":"-"},"content":"}","isFullCredit":false},{"lineNumber":225,"author":{"gitId":"-"},"content":"","isFullCredit":false},{"lineNumber":226,"author":{"gitId":"-"},"content":".mkb-text-white {","isFullCredit":false},{"lineNumber":227,"author":{"gitId":"-"},"content":"    color: white !important;","isFullCredit":false},{"lineNumber":228,"author":{"gitId":"-"},"content":"}","isFullCredit":false},{"lineNumber":229,"author":{"gitId":"-"},"content":"","isFullCredit":false},{"lineNumber":230,"author":{"gitId":"-"},"content":"/* Bootstrap small(sm) responsive breakpoint */","isFullCredit":false},{"lineNumber":231,"author":{"gitId":"-"},"content":"@media (width \u003c\u003d 767.98px) {","isFullCredit":false},{"lineNumber":232,"author":{"gitId":"-"},"content":"    .dropdown-menu \u003e li \u003e a {","isFullCredit":false},{"lineNumber":233,"author":{"gitId":"-"},"content":"        white-space: normal;","isFullCredit":false},{"lineNumber":234,"author":{"gitId":"-"},"content":"    }","isFullCredit":false},{"lineNumber":235,"author":{"gitId":"-"},"content":"","isFullCredit":false},{"lineNumber":236,"author":{"gitId":"-"},"content":"    .navbar-nav .open .dropdown-menu {","isFullCredit":false},{"lineNumber":237,"author":{"gitId":"-"},"content":"        background-color: #fff;","isFullCredit":false},{"lineNumber":238,"author":{"gitId":"-"},"content":"    }","isFullCredit":false},{"lineNumber":239,"author":{"gitId":"-"},"content":"}","isFullCredit":false},{"lineNumber":240,"author":{"gitId":"-"},"content":"","isFullCredit":false},{"lineNumber":241,"author":{"gitId":"-"},"content":"/* Footnote anchor */","isFullCredit":false},{"lineNumber":242,"author":{"gitId":"-"},"content":"","isFullCredit":false},{"lineNumber":243,"author":{"gitId":"-"},"content":"li.footnote-item:target {","isFullCredit":false},{"lineNumber":244,"author":{"gitId":"-"},"content":"    background-color: #eee;","isFullCredit":false},{"lineNumber":245,"author":{"gitId":"-"},"content":"}","isFullCredit":false},{"lineNumber":246,"author":{"gitId":"-"},"content":"","isFullCredit":false},{"lineNumber":247,"author":{"gitId":"-"},"content":".hljs:not(.inline) \u003e span {","isFullCredit":false},{"lineNumber":248,"author":{"gitId":"-"},"content":"    display: block;","isFullCredit":false},{"lineNumber":249,"author":{"gitId":"-"},"content":"}","isFullCredit":false},{"lineNumber":250,"author":{"gitId":"-"},"content":"","isFullCredit":false},{"lineNumber":251,"author":{"gitId":"-"},"content":".hljs:not(.inline).line-numbers \u003e span {","isFullCredit":false},{"lineNumber":252,"author":{"gitId":"-"},"content":"    padding: 0 0.5em 0 3.5em;","isFullCredit":false},{"lineNumber":253,"author":{"gitId":"-"},"content":"    position: relative;","isFullCredit":false},{"lineNumber":254,"author":{"gitId":"-"},"content":"}","isFullCredit":false},{"lineNumber":255,"author":{"gitId":"-"},"content":"","isFullCredit":false},{"lineNumber":256,"author":{"gitId":"-"},"content":"/* display line numbers beside each span */","isFullCredit":false},{"lineNumber":257,"author":{"gitId":"-"},"content":".hljs:not(.inline).line-numbers \u003e span::before {","isFullCredit":false},{"lineNumber":258,"author":{"gitId":"-"},"content":"    border-right: 1px solid #ddd;","isFullCredit":false},{"lineNumber":259,"author":{"gitId":"-"},"content":"    display: inline-block;","isFullCredit":false},{"lineNumber":260,"author":{"gitId":"-"},"content":"    color: #888;","isFullCredit":false},{"lineNumber":261,"author":{"gitId":"-"},"content":"    content: counter(line);","isFullCredit":false},{"lineNumber":262,"author":{"gitId":"-"},"content":"    counter-increment: line;","isFullCredit":false},{"lineNumber":263,"author":{"gitId":"-"},"content":"    left: 0;","isFullCredit":false},{"lineNumber":264,"author":{"gitId":"-"},"content":"    margin-right: 0.5em;","isFullCredit":false},{"lineNumber":265,"author":{"gitId":"-"},"content":"    padding-right: 0.5em;","isFullCredit":false},{"lineNumber":266,"author":{"gitId":"-"},"content":"    position: absolute;","isFullCredit":false},{"lineNumber":267,"author":{"gitId":"-"},"content":"    text-align: right;","isFullCredit":false},{"lineNumber":268,"author":{"gitId":"-"},"content":"    top: 0;","isFullCredit":false},{"lineNumber":269,"author":{"gitId":"-"},"content":"    width: 3em;","isFullCredit":false},{"lineNumber":270,"author":{"gitId":"-"},"content":"    height: 100%;","isFullCredit":false},{"lineNumber":271,"author":{"gitId":"-"},"content":"}","isFullCredit":false},{"lineNumber":272,"author":{"gitId":"-"},"content":"","isFullCredit":false},{"lineNumber":273,"author":{"gitId":"-"},"content":"/* styles for triggers and tooltips */","isFullCredit":false},{"lineNumber":274,"author":{"gitId":"-"},"content":".trigger {","isFullCredit":false},{"lineNumber":275,"author":{"gitId":"-"},"content":"    border-bottom: 1px dotted currentcolor;","isFullCredit":false},{"lineNumber":276,"author":{"gitId":"-"},"content":"}","isFullCredit":false},{"lineNumber":277,"author":{"gitId":"-"},"content":"","isFullCredit":false},{"lineNumber":278,"author":{"gitId":"-"},"content":".trigger-click {","isFullCredit":false},{"lineNumber":279,"author":{"gitId":"-"},"content":"    cursor: pointer;","isFullCredit":false},{"lineNumber":280,"author":{"gitId":"-"},"content":"    border-bottom: 1px dashed currentcolor;","isFullCredit":false},{"lineNumber":281,"author":{"gitId":"-"},"content":"}","isFullCredit":false},{"lineNumber":282,"author":{"gitId":"-"},"content":"","isFullCredit":false},{"lineNumber":283,"author":{"gitId":"-"},"content":".trigger-click:focus {","isFullCredit":false},{"lineNumber":284,"author":{"gitId":"-"},"content":"    outline: none;","isFullCredit":false},{"lineNumber":285,"author":{"gitId":"-"},"content":"}","isFullCredit":false},{"lineNumber":286,"author":{"gitId":"-"},"content":"","isFullCredit":false},{"lineNumber":287,"author":{"gitId":"-"},"content":"/* \"Copy\" and \"wrap text\" code block buttons */","isFullCredit":false},{"lineNumber":288,"author":{"gitId":"-"},"content":"pre {","isFullCredit":false},{"lineNumber":289,"author":{"gitId":"-"},"content":"    position: relative;","isFullCredit":false},{"lineNumber":290,"author":{"gitId":"-"},"content":"    display: flex;","isFullCredit":false},{"lineNumber":291,"author":{"gitId":"-"},"content":"}","isFullCredit":false},{"lineNumber":292,"author":{"gitId":"-"},"content":"","isFullCredit":false},{"lineNumber":293,"author":{"gitId":"-"},"content":"button.function-btn {","isFullCredit":false},{"lineNumber":294,"author":{"gitId":"-"},"content":"    border: 1px solid #d7dadc;","isFullCredit":false},{"lineNumber":295,"author":{"gitId":"-"},"content":"    border-radius: 5px;","isFullCredit":false},{"lineNumber":296,"author":{"gitId":"-"},"content":"    color: darkgray;","isFullCredit":false},{"lineNumber":297,"author":{"gitId":"-"},"content":"    cursor: pointer;","isFullCredit":false},{"lineNumber":298,"author":{"gitId":"-"},"content":"    display: none;","isFullCredit":false},{"lineNumber":299,"author":{"gitId":"Incogdino"},"content":"    height: 30px;","isFullCredit":false},{"lineNumber":300,"author":{"gitId":"-"},"content":"    margin: 0.17rem;","isFullCredit":false},{"lineNumber":301,"author":{"gitId":"-"},"content":"    padding: 0.35rem;","isFullCredit":false},{"lineNumber":302,"author":{"gitId":"-"},"content":"    position: absolute;","isFullCredit":false},{"lineNumber":303,"author":{"gitId":"-"},"content":"    right: 0;","isFullCredit":false},{"lineNumber":304,"author":{"gitId":"Incogdino"},"content":"    width: 30px;","isFullCredit":false},{"lineNumber":305,"author":{"gitId":"-"},"content":"    text-align: center;","isFullCredit":false},{"lineNumber":306,"author":{"gitId":"-"},"content":"    white-space: nowrap;","isFullCredit":false},{"lineNumber":307,"author":{"gitId":"-"},"content":"}","isFullCredit":false},{"lineNumber":308,"author":{"gitId":"-"},"content":"","isFullCredit":false},{"lineNumber":309,"author":{"gitId":"-"},"content":"button.function-btn + button.function-btn {","isFullCredit":false},{"lineNumber":310,"author":{"gitId":"-"},"content":"    right: 36px;","isFullCredit":false},{"lineNumber":311,"author":{"gitId":"-"},"content":"}","isFullCredit":false},{"lineNumber":312,"author":{"gitId":"-"},"content":"","isFullCredit":false},{"lineNumber":313,"author":{"gitId":"-"},"content":"pre:hover \u003e .function-btn-container \u003e button.function-btn {","isFullCredit":false},{"lineNumber":314,"author":{"gitId":"-"},"content":"    display: block;","isFullCredit":false},{"lineNumber":315,"author":{"gitId":"-"},"content":"}","isFullCredit":false},{"lineNumber":316,"author":{"gitId":"-"},"content":"","isFullCredit":false},{"lineNumber":317,"author":{"gitId":"-"},"content":".function-btn:hover {","isFullCredit":false},{"lineNumber":318,"author":{"gitId":"-"},"content":"    transition: all 0.5s ease;","isFullCredit":false},{"lineNumber":319,"author":{"gitId":"-"},"content":"    color: gray;","isFullCredit":false},{"lineNumber":320,"author":{"gitId":"-"},"content":"}","isFullCredit":false},{"lineNumber":321,"author":{"gitId":"-"},"content":"","isFullCredit":false},{"lineNumber":322,"author":{"gitId":"-"},"content":".function-btn-body {","isFullCredit":false},{"lineNumber":323,"author":{"gitId":"-"},"content":"    align-items: center;","isFullCredit":false},{"lineNumber":324,"author":{"gitId":"-"},"content":"    display: flex;","isFullCredit":false},{"lineNumber":325,"author":{"gitId":"-"},"content":"}","isFullCredit":false},{"lineNumber":326,"author":{"gitId":"-"},"content":"","isFullCredit":false},{"lineNumber":327,"author":{"gitId":"-"},"content":".function-btn svg {","isFullCredit":false},{"lineNumber":328,"author":{"gitId":"-"},"content":"    fill: currentcolor;","isFullCredit":false},{"lineNumber":329,"author":{"gitId":"-"},"content":"}","isFullCredit":false},{"lineNumber":330,"author":{"gitId":"-"},"content":"","isFullCredit":false},{"lineNumber":331,"author":{"gitId":"-"},"content":"/* Wrap class used for \"wrap text\" button. */","isFullCredit":false},{"lineNumber":332,"author":{"gitId":"-"},"content":"code.wrap {","isFullCredit":false},{"lineNumber":333,"author":{"gitId":"-"},"content":"    white-space: pre-wrap;","isFullCredit":false},{"lineNumber":334,"author":{"gitId":"-"},"content":"    word-wrap: break-word;","isFullCredit":false},{"lineNumber":335,"author":{"gitId":"-"},"content":"    word-break: break-all;","isFullCredit":false},{"lineNumber":336,"author":{"gitId":"-"},"content":"}","isFullCredit":false},{"lineNumber":337,"author":{"gitId":"-"},"content":"","isFullCredit":false},{"lineNumber":338,"author":{"gitId":"-"},"content":"/* Octicon sizing */","isFullCredit":false},{"lineNumber":339,"author":{"gitId":"-"},"content":".octicon {","isFullCredit":false},{"lineNumber":340,"author":{"gitId":"-"},"content":"    height: 1em;","isFullCredit":false},{"lineNumber":341,"author":{"gitId":"-"},"content":"    width: 1em;","isFullCredit":false},{"lineNumber":342,"author":{"gitId":"-"},"content":"}","isFullCredit":false},{"lineNumber":343,"author":{"gitId":"-"},"content":"","isFullCredit":false},{"lineNumber":344,"author":{"gitId":"-"},"content":"/* styles for \u003chr\u003e */","isFullCredit":false},{"lineNumber":345,"author":{"gitId":"-"},"content":"hr {","isFullCredit":false},{"lineNumber":346,"author":{"gitId":"-"},"content":"    border-top: solid 1px rgb(0 0 0 / 10%);","isFullCredit":false},{"lineNumber":347,"author":{"gitId":"-"},"content":"    background-color: transparent;","isFullCredit":false},{"lineNumber":348,"author":{"gitId":"-"},"content":"    opacity: 1;","isFullCredit":false},{"lineNumber":349,"author":{"gitId":"-"},"content":"}","isFullCredit":false},{"lineNumber":350,"author":{"gitId":"-"},"content":"","isFullCredit":false},{"lineNumber":351,"author":{"gitId":"-"},"content":"hr.dotted {","isFullCredit":false},{"lineNumber":352,"author":{"gitId":"-"},"content":"    border-top-width: 0.1rem;","isFullCredit":false},{"lineNumber":353,"author":{"gitId":"-"},"content":"    border-top-style: dotted;","isFullCredit":false},{"lineNumber":354,"author":{"gitId":"-"},"content":"}","isFullCredit":false},{"lineNumber":355,"author":{"gitId":"-"},"content":"","isFullCredit":false},{"lineNumber":356,"author":{"gitId":"-"},"content":"hr.double {","isFullCredit":false},{"lineNumber":357,"author":{"gitId":"-"},"content":"    border-top-width: 0.2rem;","isFullCredit":false},{"lineNumber":358,"author":{"gitId":"-"},"content":"    border-top-style: double;","isFullCredit":false},{"lineNumber":359,"author":{"gitId":"-"},"content":"}","isFullCredit":false},{"lineNumber":360,"author":{"gitId":"-"},"content":"","isFullCredit":false},{"lineNumber":361,"author":{"gitId":"-"},"content":"hr.dashed {","isFullCredit":false},{"lineNumber":362,"author":{"gitId":"-"},"content":"    border-top-width: 0.1rem;","isFullCredit":false},{"lineNumber":363,"author":{"gitId":"-"},"content":"    border-top-style: dashed;","isFullCredit":false},{"lineNumber":364,"author":{"gitId":"-"},"content":"}","isFullCredit":false},{"lineNumber":365,"author":{"gitId":"-"},"content":"","isFullCredit":false},{"lineNumber":366,"author":{"gitId":"-"},"content":"hr.thick {","isFullCredit":false},{"lineNumber":367,"author":{"gitId":"-"},"content":"    border-top-width: 0.15rem;","isFullCredit":false},{"lineNumber":368,"author":{"gitId":"-"},"content":"}","isFullCredit":false},{"lineNumber":369,"author":{"gitId":"-"},"content":"","isFullCredit":false},{"lineNumber":370,"author":{"gitId":"-"},"content":"hr.thick-1 {","isFullCredit":false},{"lineNumber":371,"author":{"gitId":"-"},"content":"    border-top-width: 0.25rem;","isFullCredit":false},{"lineNumber":372,"author":{"gitId":"-"},"content":"}","isFullCredit":false},{"lineNumber":373,"author":{"gitId":"-"},"content":"","isFullCredit":false},{"lineNumber":374,"author":{"gitId":"-"},"content":"hr.thick-2 {","isFullCredit":false},{"lineNumber":375,"author":{"gitId":"-"},"content":"    border-top-width: 0.5rem;","isFullCredit":false},{"lineNumber":376,"author":{"gitId":"-"},"content":"}","isFullCredit":false},{"lineNumber":377,"author":{"gitId":"-"},"content":"","isFullCredit":false},{"lineNumber":378,"author":{"gitId":"-"},"content":"hr.thick-3 {","isFullCredit":false},{"lineNumber":379,"author":{"gitId":"-"},"content":"    border-top-width: 0.75rem;","isFullCredit":false},{"lineNumber":380,"author":{"gitId":"-"},"content":"}","isFullCredit":false},{"lineNumber":381,"author":{"gitId":"-"},"content":"","isFullCredit":false},{"lineNumber":382,"author":{"gitId":"-"},"content":"ol,","isFullCredit":false},{"lineNumber":383,"author":{"gitId":"-"},"content":"ul {","isFullCredit":false},{"lineNumber":384,"author":{"gitId":"-"},"content":"    padding-left: 1.5rem;","isFullCredit":false},{"lineNumber":385,"author":{"gitId":"-"},"content":"}","isFullCredit":false},{"lineNumber":386,"author":{"gitId":"-"},"content":"","isFullCredit":false},{"lineNumber":387,"author":{"gitId":"-"},"content":"h1,","isFullCredit":false},{"lineNumber":388,"author":{"gitId":"-"},"content":"h2,","isFullCredit":false},{"lineNumber":389,"author":{"gitId":"-"},"content":"h3,","isFullCredit":false},{"lineNumber":390,"author":{"gitId":"-"},"content":"h4,","isFullCredit":false},{"lineNumber":391,"author":{"gitId":"-"},"content":"h5,","isFullCredit":false},{"lineNumber":392,"author":{"gitId":"-"},"content":"h6 {","isFullCredit":false},{"lineNumber":393,"author":{"gitId":"-"},"content":"    margin-bottom: 1rem;","isFullCredit":false},{"lineNumber":394,"author":{"gitId":"-"},"content":"    scroll-margin-top: var(--sticky-header-height);","isFullCredit":false},{"lineNumber":395,"author":{"gitId":"-"},"content":"}","isFullCredit":false},{"lineNumber":396,"author":{"gitId":"-"},"content":"","isFullCredit":false},{"lineNumber":397,"author":{"gitId":"-"},"content":".block-embed {","isFullCredit":false},{"lineNumber":398,"author":{"gitId":"-"},"content":"    overflow-x: auto;","isFullCredit":false},{"lineNumber":399,"author":{"gitId":"-"},"content":"    position: relative;","isFullCredit":false},{"lineNumber":400,"author":{"gitId":"-"},"content":"    width: 100%;","isFullCredit":false},{"lineNumber":401,"author":{"gitId":"-"},"content":"}","isFullCredit":false},{"lineNumber":402,"author":{"gitId":"-"},"content":"","isFullCredit":false},{"lineNumber":403,"author":{"gitId":"-"},"content":".block-embed iframe {","isFullCredit":false},{"lineNumber":404,"author":{"gitId":"-"},"content":"    position: absolute;","isFullCredit":false},{"lineNumber":405,"author":{"gitId":"-"},"content":"    top: 0;","isFullCredit":false},{"lineNumber":406,"author":{"gitId":"-"},"content":"    left: 0;","isFullCredit":false},{"lineNumber":407,"author":{"gitId":"-"},"content":"    width: 100%;","isFullCredit":false},{"lineNumber":408,"author":{"gitId":"-"},"content":"    height: 100%;","isFullCredit":false},{"lineNumber":409,"author":{"gitId":"-"},"content":"}","isFullCredit":false}],"authorContributionMap":{"Incogdino":2,"-":407}}]
