{"authorDailyContributionsMap":{"Izn432":[],"IanCheah":[{"date":"2025-03-12T00:00:00","commitResults":[{"hash":"acf4f7a27790ee198720ff9172835801d095ac83","isMergeCommit":false,"messageTitle":"Deploy portfolio on netlify (#2593)","messageBody":"Deploy portfolio on Netlify","fileTypesAndContributionMap":{"md":{"insertions":20,"deletions":7}}}]},{"date":"2025-03-18T00:00:00","commitResults":[{"hash":"ee9e10e58d985fa4ecacd481f48db610cd3b5117","isMergeCommit":false,"messageTitle":"Remove parallel flag from test scripts (#2647)","messageBody":"","fileTypesAndContributionMap":{"json":{"insertions":2,"deletions":2}}}]}],"Airiinnn":[],"peasantbird":[],"AgentHagu":[{"date":"2025-02-20T00:00:00","commitResults":[{"hash":"008aa1d36fe193e0b1fddc784b907794b1d6fa15","isMergeCommit":false,"messageTitle":"Catch UncaughtException when serving in non-Markbind directories (#2592)","messageBody":"* Fix uncaught exception bug\n\n* Update error message for beginner friendliness","fileTypesAndContributionMap":{"js":{"insertions":6,"deletions":0}}}]},{"date":"2025-03-12T00:00:00","commitResults":[{"hash":"d44d608a49b662c0ba823002adebcce0c538bbd2","isMergeCommit":false,"messageTitle":"Add code highlighting based on absolute positions (#2584)","messageBody":"Add code highlighting based on absolute positions\n\nCurrently, there is no way to include highlighting of leading\nwhitespace when using the highlight-lines attribute. Providing such\nan option may be beneficial to users, giving them more freedom\nwhen using MarkBind.","fileTypesAndContributionMap":{"md":{"insertions":6,"deletions":2}}}]},{"date":"2025-03-14T00:00:00","commitResults":[{"hash":"f34e7e186664213897f363c162222290e7e3a3ec","isMergeCommit":false,"messageTitle":"Migrate filterIconAssets.test.js to TypeScript (#2637)","messageBody":"* Rename packages\\core\\test\\unit\\Page\\filterIconAssets.test.js to TypeScript\n\n* Adapt packages\\core\\test\\unit\\Page\\filterIconAssets.test.js to TypeScript","fileTypesAndContributionMap":{"js":{"insertions":0,"deletions":78}}}]},{"date":"2025-03-18T00:00:00","commitResults":[{"hash":"d1ba06439c4d94c15c20ec97db13cc32c53b7542","isMergeCommit":false,"messageTitle":"Add custom host validation (#2599)","messageBody":"Currently, the validity check comes after the IP\nzero check. The IP zero check flags some invalid\nIPs, ,like `0`. This results in the following\nscenario for a user:\n\n1. User enters `0` as the IP\n2. User gets a warning that the address `0.0.0.0`\nhas security risks\n3. User proceeds by entering \u0027y\u0027\n4. User gets an error that the IP is invalid\n\nThis may be confusing for the user, who gets a\nwarning for their address, only to find out that\nit\u0027s invalid. This commit moves the validity check\nto earlier in the code, so that the user gets the\nerror message first and that the zero IP regex\ncheck is not run on invalid IPs.","fileTypesAndContributionMap":{"js":{"insertions":98,"deletions":0}}}]},{"date":"2025-03-20T00:00:00","commitResults":[{"hash":"2c00d703fab2cfe49440196b3600cddfa7e38a5c","isMergeCommit":false,"messageTitle":"Fix issues with MarkBind\u0027s patch of live-server (#2621)","messageBody":"Currently, there are a few issues regarding MarkBind\u0027s patch of\n`live-server` in `packages\\cli\\src\\lib\\live-server\\index.js`. The issues\nare:\n1. Opening an invalid URL for IPv6 addresses\n2. Opening the wrong URL when attempting to serve on an\n    unavailable address.\n3. Missing `CHANGED` comments in our patch\n4. Missing warning when user serves on `::`\n5. Missing patch for `live-server` code to log available IPv6 addresses\n\nFixes include:\n- Wrapping IPv6 addresses in square brackets `[]` to form valid URLs.\n- Explicitly reassigning `host` when the provided address is\n   unavailable.\n- Adding the missing `CHANGED` comments.\n- Updating the zero address check to include IPv6\u0027s zero address.\n- Updating logging to include available IPv6 addresses for `::`.","fileTypesAndContributionMap":{"md":{"insertions":3,"deletions":1},"js":{"insertions":51,"deletions":14}}},{"hash":"f4c438633ba3fb01b9d719ccbd84e5ce54ddc5e1","isMergeCommit":false,"messageTitle":"Refactor isValidHost and resolve Codecov issue (#2656)","messageBody":"","fileTypesAndContributionMap":{"yml":{"insertions":1,"deletions":0},"js":{"insertions":64,"deletions":57}}},{"hash":"c8f0e1a817e5b4ceb00c38ed5727c84c548fbcc9","isMergeCommit":false,"messageTitle":"Update config files to prevent duplicated JavaScript tests (#2638)","messageBody":"","fileTypesAndContributionMap":{"js":{"insertions":3,"deletions":10},"json":{"insertions":10,"deletions":2}}}]},{"date":"2025-03-27T00:00:00","commitResults":[{"hash":"89e469aad96701d30f5ea23e08231daa19c97ff2","isMergeCommit":false,"messageTitle":"Update Developer Guide on Codecov for PR Review (#2659)","messageBody":"","fileTypesAndContributionMap":{"md":{"insertions":7,"deletions":0}}}]},{"date":"2025-04-02T00:00:00","commitResults":[{"hash":"dd55cb22c7d10010bb755a5be77dc04e15909b07","isMergeCommit":false,"messageTitle":"Catch UncaughtException for `build` and `deploy` CLI commands (#2674)","messageBody":"","fileTypesAndContributionMap":{"js":{"insertions":12,"deletions":0}}},{"hash":"a23e3aa759a25e65a5b3668dd5e2891089587a86","isMergeCommit":false,"messageTitle":"Migrate CodeCov from v3 to v5 (#2675)","messageBody":"","fileTypesAndContributionMap":{"yml":{"insertions":1,"deletions":1}}}]}],"JoanneHing":[],"HollaG":[],"wx-03":[],"lyuanww":[],"mingyang143":[],"yyccbb":[{"date":"2025-04-10T00:00:00","commitResults":[{"hash":"838f520c7cd82ae06cad99ffb78b0712890116be","isMergeCommit":false,"messageTitle":"Add \u0027no-page-break\u0027 options for printing long components (#2664)","messageBody":"","fileTypesAndContributionMap":{"css":{"insertions":1,"deletions":1},"md":{"insertions":3,"deletions":0},"vue":{"insertions":57,"deletions":4},"js":{"insertions":40,"deletions":2}}}]}],"gerteck":[{"date":"2025-03-09T00:00:00","commitResults":[{"hash":"8c9de42d78a67e4e73d8ed06c39d741ed71ddeb2","isMergeCommit":false,"messageTitle":"Refactor codeBlockButton Plugins (#2625)","messageBody":"Refactored logic to insert plugin buttons only if\npre element contains the code element as per CommonMark\nspec for fenced code blocks. Scoped CSS rules for pre element\nto minimize side effects. Modularized previously global button\nCSS rules to be included only if plugin is enabled.","fileTypesAndContributionMap":{"css":{"insertions":50,"deletions":51}}}]},{"date":"2025-03-10T00:00:00","commitResults":[{"hash":"e49cc5cfbd2e02e039d1a6b47f6d506fe31a1aec","isMergeCommit":false,"messageTitle":"Update Mermaid script for efficiency and decouple from Vue (#2614)","messageBody":"Update Mermaid Plugin\n\nDynamically load Mermaid js asset only if diagrams present.\nDecouple rendering of mermaid diagrams from Vue directives.\nInstead, use MutationObservers to load dynamically added\ndiagrams that may be introduced by components such as\nincludes or panels.\n\nStandardise format of mermaid node transformation to\nalign with native mermaid formatting. This allows use of\nstandard mermaid format in markdown files.","fileTypesAndContributionMap":{"md":{"insertions":29,"deletions":4},"json":{"insertions":5,"deletions":1},"js":{"insertions":16,"deletions":1}}},{"hash":"3aa59b5037545157ca017678f6f85db1a4cd5411","isMergeCommit":false,"messageTitle":"Refactor dataTable plugin to decouple from Vue (#2626)","messageBody":"Refactor dataTable plugin\n\nDecouple dataTable from Vue by using MutationObserver instead\nof relying on Vue Directives to process dynamically loaded content.","fileTypesAndContributionMap":{"md":{"insertions":3,"deletions":3},"js":{"insertions":5,"deletions":17}}}]},{"date":"2025-03-27T00:00:00","commitResults":[{"hash":"a5edbbbdc47c3ced17eecc3677e17139a69fff13","isMergeCommit":false,"messageTitle":"Update Core-Web Documentation (#2660)","messageBody":"Updated documentation under Design/ProjectStructure\nfor core-web library to better explain the library\nespecially for unfamiliar new developers.\n\nEnhance clarity while keeping a high-level overview.","fileTypesAndContributionMap":{"md":{"insertions":17,"deletions":3}}}]},{"date":"2025-03-30T00:00:00","commitResults":[{"hash":"240a1cf374302f3627882df30a860cdcc69683de","isMergeCommit":false,"messageTitle":"Migrate from Vue 2 to Vue 3 (#2622)","messageBody":"Migrate from Vue 2 to Vue 3\n\nVue 2 has reached end-of-life in 2023, limiting maintainability,\nextensibility of MarkBind. This commit migrates the codebase\n(core, CLI, and vue-components) to Vue 3.3.11.\n\nThe migration includes major updates to server-side rendering\nlogic, hydration, component syntax, bundling setup (Webpack),\nand test configurations. Vue 2 dependencies and deprecated\nAPIs have been replaced accordingly. Snapshot tests and test\nsite output have also been updated to reflect new Vue version.\n\nThis migration improves future extensibility and compatibility\nwith modern tooling and Vue ecosystem packages.","fileTypesAndContributionMap":{"css":{"insertions":11,"deletions":11},"md":{"insertions":114,"deletions":3},"vue":{"insertions":174,"deletions":104},"js":{"insertions":664,"deletions":3257},"json":{"insertions":27,"deletions":29}}}]}],"InfinityTwo":[],"NorbertLoh":[],"yucongkoo":[],"BunnyHoppp":[],"CYX22222003":[],"Incogdino":[{"date":"2024-12-22T00:00:00","commitResults":[{"hash":"b566c46e10432d70cb31a0315c067e937de00ae0","isMergeCommit":false,"messageTitle":"Copy button becomes tick when clicked (#2580)","messageBody":"","fileTypesAndContributionMap":{"css":{"insertions":3,"deletions":1}}}]},{"date":"2025-02-12T00:00:00","commitResults":[{"hash":"fc2893da383e904886dfa140751d47758a15a27a","isMergeCommit":false,"messageTitle":"Remove PR message workflow check for bots (#2598)","messageBody":"Previously, adding a new contributor triggers a PR message workflow to\r\ncheck for PR messages. By default, no PR message is added by the bot.\r\n\r\nRemoving the check for PR messages for bots will likely not affect any\r\nessential checks.","fileTypesAndContributionMap":{"yml":{"insertions":1,"deletions":1}}},{"hash":"8c817dc0415bb3a02a48d0cc07664c5e6896d8b8","isMergeCommit":false,"messageTitle":"Add MCQ question with multiple correct answers to UG (#2591)","messageBody":"MCQ questions allow for more than one correct answer. Leaving it as\r\na tip is ambiguous and can cause confusion to users.\r\n\r\nA separate question is added to show users how it can be done.","fileTypesAndContributionMap":{"md":{"insertions":27,"deletions":1}}}]},{"date":"2025-02-18T00:00:00","commitResults":[{"hash":"5cc9edfee65d285ad1a1fd973a17ff24534979a3","isMergeCommit":false,"messageTitle":"Fix incorrect display for annotation labels (#2586)","messageBody":"* Fix broken annotation label\r\n\r\n* Update annotation label and header\r\n\r\nPreviously adding a legend to an annotated image does not produce the\r\nlegend correctly. Label and headers are missing.\r\n\r\nHeader and labels now correctly displays as legends following some\r\nguidelines:\r\n1. When label is unspecified, the legend will not show.\r\n2. If legend option are not either \"both\" or \"bottom\", legend will not\r\nshow.\r\n3. If only label is specified, the label along with its content will be\r\nshown.\r\n\r\n* Update style\r\n\r\n* Improve code readability\r\n\r\n* Add code comments\r\n\r\n* Update documentation","fileTypesAndContributionMap":{"md":{"insertions":1,"deletions":1},"vue":{"insertions":16,"deletions":5}}}]},{"date":"2025-03-10T00:00:00","commitResults":[{"hash":"386c3b92c90e5ee7336409d4336d7bc0dc59ea64","isMergeCommit":false,"messageTitle":"Update Image Annotation cursor to pointer on hover (#2609)","messageBody":"* Update image annotation cursor to pointer on hover\n\n* Update annotate point component\n\n* Update image annotation component\n\n* Fix style\n\n* Update test","fileTypesAndContributionMap":{"vue":{"insertions":12,"deletions":4}}}]},{"date":"2025-03-28T00:00:00","commitResults":[{"hash":"e3b6dd473b52e0afe7b4d4dd3a9f70566e3cad22","isMergeCommit":false,"messageTitle":"Add tooltip for copy and wrap plugins (#2657)","messageBody":"Adds visual changes to wrap button on activation and deactivation to\ndenote that the code is wrapped. \n\nAlso updates wrap button tooltip on activation and deactivation.","fileTypesAndContributionMap":{"css":{"insertions":38,"deletions":1}}}]},{"date":"2025-04-10T00:00:00","commitResults":[{"hash":"fd83ef582826bbb6326ec327ccb4effac702d505","isMergeCommit":false,"messageTitle":"Add card stack component (#2648)","messageBody":"The CardStack component contains cards that can be specified using\nMarkbind\u0027s custom components. The CardStack component comes contains\na search feature to filter through the cards identified using tags\nand keywords.","fileTypesAndContributionMap":{"md":{"insertions":239,"deletions":0},"vue":{"insertions":407,"deletions":0},"js":{"insertions":94,"deletions":0},"njk":{"insertions":1,"deletions":0}}}]}],"DhiraPT":[],"joeng03":[]},"authorFileTypeContributionMap":{"Izn432":{"java":0,"js":0,"css":0,"json":0,"md":0,"mbd":0,"mbdf":0,"njk":0,"py":0,"vue":0,"yml":0},"IanCheah":{"java":0,"js":0,"css":0,"json":2,"md":19,"mbd":0,"mbdf":0,"njk":0,"py":0,"vue":0,"yml":0},"Airiinnn":{"java":0,"js":0,"css":0,"json":0,"md":0,"mbd":0,"mbdf":0,"njk":0,"py":0,"vue":0,"yml":0},"peasantbird":{"java":0,"js":0,"css":0,"json":0,"md":0,"mbd":0,"mbdf":0,"njk":0,"py":0,"vue":0,"yml":0},"AgentHagu":{"java":0,"js":178,"css":0,"json":10,"md":16,"mbd":0,"mbdf":0,"njk":0,"py":0,"vue":0,"yml":2},"JoanneHing":{"java":0,"js":0,"css":0,"json":0,"md":0,"mbd":0,"mbdf":0,"njk":0,"py":0,"vue":0,"yml":0},"HollaG":{"java":0,"js":0,"css":0,"json":0,"md":0,"mbd":0,"mbdf":0,"njk":0,"py":0,"vue":0,"yml":0},"wx-03":{"java":0,"js":0,"css":0,"json":0,"md":0,"mbd":0,"mbdf":0,"njk":0,"py":0,"vue":0,"yml":0},"lyuanww":{"java":0,"js":0,"css":0,"json":0,"md":0,"mbd":0,"mbdf":0,"njk":0,"py":0,"vue":0,"yml":0},"mingyang143":{"java":0,"js":0,"css":0,"json":0,"md":0,"mbd":0,"mbdf":0,"njk":0,"py":0,"vue":0,"yml":0},"yyccbb":{"java":0,"js":29,"css":0,"json":0,"md":3,"mbd":0,"mbdf":0,"njk":0,"py":0,"vue":55,"yml":0},"gerteck":{"java":0,"js":615,"css":60,"json":32,"md":163,"mbd":0,"mbdf":0,"njk":0,"py":0,"vue":172,"yml":0},"InfinityTwo":{"java":0,"js":0,"css":0,"json":0,"md":0,"mbd":0,"mbdf":0,"njk":0,"py":0,"vue":0,"yml":0},"NorbertLoh":{"java":0,"js":0,"css":0,"json":0,"md":0,"mbd":0,"mbdf":0,"njk":0,"py":0,"vue":0,"yml":0},"yucongkoo":{"java":0,"js":0,"css":0,"json":0,"md":0,"mbd":0,"mbdf":0,"njk":0,"py":0,"vue":0,"yml":0},"BunnyHoppp":{"java":0,"js":0,"css":0,"json":0,"md":0,"mbd":0,"mbdf":0,"njk":0,"py":0,"vue":0,"yml":0},"CYX22222003":{"java":0,"js":0,"css":0,"json":0,"md":0,"mbd":0,"mbdf":0,"njk":0,"py":0,"vue":0,"yml":0},"Incogdino":{"java":0,"js":94,"css":38,"json":0,"md":267,"mbd":0,"mbdf":0,"njk":1,"py":0,"vue":429,"yml":1},"DhiraPT":{"java":0,"js":0,"css":0,"json":0,"md":0,"mbd":0,"mbdf":0,"njk":0,"py":0,"vue":0,"yml":0},"joeng03":{"java":0,"js":0,"css":0,"json":0,"md":0,"mbd":0,"mbdf":0,"njk":0,"py":0,"vue":0,"yml":0}},"authorContributionVariance":{"Izn432":0.0,"IanCheah":5.631017,"Airiinnn":0.0,"peasantbird":0.0,"AgentHagu":467.91745,"JoanneHing":0.0,"HollaG":0.0,"wx-03":0.0,"lyuanww":0.0,"mingyang143":0.0,"yyccbb":88.35849,"gerteck":146285.72,"InfinityTwo":0.0,"NorbertLoh":0.0,"yucongkoo":0.0,"BunnyHoppp":0.0,"CYX22222003":0.0,"Incogdino":4173.6543,"DhiraPT":0.0,"joeng03":0.0},"authorDisplayNameMap":{"Izn432":"ISAA.. JIE","IanCheah":"CHEA.. IAN","Airiinnn":"ALEX..ANDY","peasantbird":"WONG..RAND","AgentHagu":"ADRI..IANG","JoanneHing":"HING..XING","HollaG":"SOH ..RCUS","wx-03":"TNG ..N XI","lyuanww":"WONG..YUAN","mingyang143":"LI M..YANG","yyccbb":"YU C..ENBO","gerteck":"CHAN..TECK","InfinityTwo":"POH ..KANG","NorbertLoh":"LOH ..BERT","yucongkoo":"KOO ..CONG","BunnyHoppp":"TENG..LOON","CYX22222003":"CHEN..IXUN","Incogdino":"JAVI.. WEE","DhiraPT":"DHIR..GARA","joeng03":"NG Y.. JOE"}}
