{"authorDailyContributionsMap":{"Izn432":[],"IanCheah":[],"Airiinnn":[],"peasantbird":[{"date":"2025-02-27","commitResults":[{"hash":"420db76ca07c377096bba8394e5eb21c12bffbea","isMergeCommit":false,"messageTitle":"[#12048] Migrate tests for DeleteAccountRequestActionTest (#13213)","messageBody":"* Add tests for execute\n\n* Add remaining tests\n\n* Fix lint\n\n* Apply suggestions\n\n---------\n\nCo-authored-by: Jason Qiu \u003cjason_qiu@hotmail.com\u003e","fileTypesAndContributionMap":{"java":{"insertions":136,"deletions":1}}}]},{"date":"2025-03-20","commitResults":[{"hash":"e0cdb04b6f22bd50c10b56453ea1d6ec36ff2c5c","isMergeCommit":false,"messageTitle":"[#12048] Migrate tests for CreateAccountRequestActionTest (#13253)","messageBody":"* Add null test cases\n\n* Change isTransactionNeeded in CreateAccountRequestAction to true\n\n* Add failing test case\n\n* Add valid account create request test case\n\n* Add remaining test cases\n\n* Change isTransactionNeeded to false and override getCurrentUserWithTransaction\n\n---------\n\nCo-authored-by: Jason Qiu \u003cjason_qiu@hotmail.com\u003e","fileTypesAndContributionMap":{"java":{"insertions":193,"deletions":2}}}]},{"date":"2025-03-22","commitResults":[{"hash":"94be9d0880b4d352258c546cc80a5b94587adee4","isMergeCommit":false,"messageTitle":"[#12048] Migrate tests for SearchAccountRequestsActionTest (#13272)","messageBody":"* Add test cases\n\n* Fix checkstyle\n\n* Apply suggestions\n\n---------\n\nCo-authored-by: Jason Qiu \u003cjason_qiu@hotmail.com\u003e","fileTypesAndContributionMap":{"java":{"insertions":170,"deletions":0}}},{"hash":"cd9a48d4bcfcae97c35c8011485a7832303e3513","isMergeCommit":false,"messageTitle":"[#12048] Migrate tests for GetAccountRequestActionTest (#13270)","messageBody":"* Add skeleton\n\n* Add test cases\n\n* Fix checkstyle\n\n* Apply suggestions\n\n---------\n\nCo-authored-by: Jason Qiu \u003cjason_qiu@hotmail.com\u003e","fileTypesAndContributionMap":{"java":{"insertions":125,"deletions":1}}},{"hash":"a44f5d576ac55b8915908625c045d12052255d9b","isMergeCommit":false,"messageTitle":"[#12048] Migrate tests for ResetAccountRequestActionTest (#13271)","messageBody":"* Add test cases\n\n* Apply suggestions\n\n---------\n\nCo-authored-by: Jason Qiu \u003cjason_qiu@hotmail.com\u003e","fileTypesAndContributionMap":{"java":{"insertions":151,"deletions":1}}}]}],"AgentHagu":[],"JoanneHing":[],"HollaG":[],"wx-03":[],"lyuanww":[],"mingyang143":[{"date":"2025-02-10","commitResults":[{"hash":"8005a6a3c571c5bf8406f101b8de00a231d4f2b5","isMergeCommit":false,"messageTitle":"[#12048] Migrate tests for DeleteAccountActionTest (#13200)","messageBody":"* Migrate DeleteAccountActionTest\r\n\r\n* Fix checkstyle\r\n\r\n* Modify tests in DeleteAccountActionTest.java\r\n\r\n* Update method name in DeleteAccountActionTest","fileTypesAndContributionMap":{"java":{"insertions":56,"deletions":1}}}]},{"date":"2025-02-19","commitResults":[{"hash":"7dc4ef9845dad8b9f76fb91897cae0f1b012cd14","isMergeCommit":false,"messageTitle":"[#12048] Migrate tests (#13206)","messageBody":"* Migrate tests and improve code coverage\n\n* Update tests based on PR feedback\n\n* Update tests based on PR feedback\n\n* Update tests based on PR feedback\n\n---------\n\nCo-authored-by: yuanxi1 \u003c52706394+yuanxi1@users.noreply.github.com\u003e","fileTypesAndContributionMap":{"java":{"insertions":392,"deletions":0}}},{"hash":"32aa037878a0b320cb57ed11989fbed0a10681e7","isMergeCommit":false,"messageTitle":"[#12048] Migrate tests for GetAccountsAction.java (#13214)","messageBody":"* Migrate tests for GetAccountsAction.java\n\n* Update tests based on PR feedback\n\n* Update tests based on PR feedback\n\n---------\n\nCo-authored-by: Jason Qiu \u003cjason_qiu@hotmail.com\u003e","fileTypesAndContributionMap":{"java":{"insertions":129,"deletions":1}}}]},{"date":"2025-03-03","commitResults":[{"hash":"57974b63de406137fdd56e220ff61bdf1be10743","isMergeCommit":false,"messageTitle":"[#12048] Migrate tests for GetAccountActionTest (#13212)","messageBody":"* Migrate tests for GetAccountActionTest.java\n\n* Fix Checkstyle in GetAccountActionTest.java\n\n* Fix method name in GetAccountActionTest.java\n\n* Update tests based on PR feedback\n\n* Add mock logic to return null for clarity\n\n---------\n\nCo-authored-by: Jason Qiu \u003cjason_qiu@hotmail.com\u003e\nCo-authored-by: domoberzin \u003c74132255+domoberzin@users.noreply.github.com\u003e","fileTypesAndContributionMap":{"java":{"insertions":93,"deletions":1}}}]},{"date":"2025-03-12","commitResults":[{"hash":"4bbd103b8ab7c8d21ab8e623ba048276bc680368","isMergeCommit":false,"messageTitle":"[#12048] Migrate tests for GetCoursesActionTest (#13232)","messageBody":"* Migrate tests for GetCoursesActionTest.java\n\n* [#12048] Migrate tests for DeleteAccountActionTest (#13200)\n\n* Migrate DeleteAccountActionTest\r\n\r\n* Fix checkstyle\r\n\r\n* Modify tests in DeleteAccountActionTest.java\r\n\r\n* Update method name in DeleteAccountActionTest\n\n* [#12048] Migrate tests for DeleteFeedbackQuestionActionTest (#13218)\n\n* Migrate tests for GetCoursesActionTest\n\n* Update PR for GetCoursesActionTest\n\n* Update PR for GetCoursesActionTest\n\n* Update PR for GetCoursesActionTest\n\n---------\n\nCo-authored-by: Wei Loon \u003c145633434+BunnyHoppp@users.noreply.github.com\u003e\nCo-authored-by: Jason Qiu \u003cjason_qiu@hotmail.com\u003e\nCo-authored-by: domoberzin \u003c74132255+domoberzin@users.noreply.github.com\u003e","fileTypesAndContributionMap":{"java":{"insertions":250,"deletions":0}}}]},{"date":"2025-03-13","commitResults":[{"hash":"2130fc82bdb44f0b4d32279a555605e5afb25c27","isMergeCommit":false,"messageTitle":"[#12048] Migrate tests for GetStudentActionTest (#13241)","messageBody":"* Migrate tests for GetStudentActionTest\n\n* Migrate tests for GetStudentActionTest\n\n* Update PR for GetStudentActionTest\n\n---------\n\nCo-authored-by: domoberzin \u003c74132255+domoberzin@users.noreply.github.com\u003e","fileTypesAndContributionMap":{"java":{"insertions":440,"deletions":0}}}]},{"date":"2025-03-15","commitResults":[{"hash":"b8df782e01c43ebd602bfbd0c52e9bcdfdba9fd8","isMergeCommit":false,"messageTitle":"[#12048] Migrate tests for JoinCourseActionTest (#13265)","messageBody":"* Migrate tests for JoinCourseActionTest\n\n* Update tests for JoinCourseActionTest\n\n* Update tests for JoinCourseActionTest\n\n* Update JoinCourseActionTest\n\n---------\n\nCo-authored-by: Jason Qiu \u003cjason_qiu@hotmail.com\u003e","fileTypesAndContributionMap":{"java":{"insertions":261,"deletions":0}}}]},{"date":"2025-03-18","commitResults":[{"hash":"3f02f7ae0947cb3d5853fa9be3fc5658a440f502","isMergeCommit":false,"messageTitle":"[#12048] Migrate tests for GetSessionResultsActionTest (#13216)","messageBody":"* Migrate tests for GetSessionResultsActionTest.java\n\n* Migrate tests for GetSessionResultsActionTest.java\n\n* Migrate tests for GetSessionResultsActionTest.java\n\n* Update PR for GetSessionResultsActionTest\n\n* Update tests for GetSessionResultsActionTest\n\n---------\n\nCo-authored-by: Jason Qiu \u003cjason_qiu@hotmail.com\u003e","fileTypesAndContributionMap":{"java":{"insertions":704,"deletions":0}}}]},{"date":"2025-03-22","commitResults":[{"hash":"62f116b7d631071bd07ab6f47f7c2ce9fd51feea","isMergeCommit":false,"messageTitle":"[#12048] Migrate tests for GetSessionResponseStatsActionTest (#13277)","messageBody":"","fileTypesAndContributionMap":{"java":{"insertions":250,"deletions":0}}}]}],"yyccbb":[],"gerteck":[],"InfinityTwo":[{"date":"2025-02-18","commitResults":[{"hash":"3e471526242d7cabc48e56458f5006113b078c10","isMergeCommit":false,"messageTitle":"[#12048] Migrate tests for DeleteNotificationActionTest (#13201)","messageBody":"","fileTypesAndContributionMap":{"java":{"insertions":112,"deletions":0}}}]},{"date":"2025-02-23","commitResults":[{"hash":"d1930b5c292a8ce17975410bb1d2858336237fe2","isMergeCommit":false,"messageTitle":"[#12048] Migrate tests for MarkNotificationAsReadActionTest (#13222)","messageBody":"","fileTypesAndContributionMap":{"java":{"insertions":123,"deletions":0}}}]},{"date":"2025-02-27","commitResults":[{"hash":"f6cb6d338f9a6e909b91bc2ee4b28a251cddfcad","isMergeCommit":false,"messageTitle":"[#12048] Migrate tests for GetReadNotificationsActionTest (#13220)","messageBody":"* Add GetReadNotificationsActionTest\n\n* Remove typicalbundle usage\n\n---------\n\nCo-authored-by: domoberzin \u003c74132255+domoberzin@users.noreply.github.com\u003e\nCo-authored-by: Jason Qiu \u003cjason_qiu@hotmail.com\u003e","fileTypesAndContributionMap":{"java":{"insertions":60,"deletions":0}}}]},{"date":"2025-02-28","commitResults":[{"hash":"9c774b35ddb4c7f74db3ce98c8e64d048b9763ef","isMergeCommit":false,"messageTitle":"[#12048] Migrate tests for GetNotificationActionTest (#13210)","messageBody":"* Add GetNotificationActionTest for migration\n\n* Modify mockLogic to call main method\n\n* Fix linting\n\n* Remove the use of typical bundle in test\n\n---------\n\nCo-authored-by: domoberzin \u003c74132255+domoberzin@users.noreply.github.com\u003e\nCo-authored-by: Jason Qiu \u003cjason_qiu@hotmail.com\u003e","fileTypesAndContributionMap":{"java":{"insertions":84,"deletions":0}}},{"hash":"df53040e9e0b1c581a6d9a2281dd1039f8f5982f","isMergeCommit":false,"messageTitle":"[#12048] Migrate tests for CreateNotificationActionTest (#13209)","messageBody":"* Add show or hide all question button\n\n* Refactor code and add button styling\n\n* Fix checkstyle\n\n* Update component test for session submission page\n\n* Fix extra space styling\n\n* Update session submission snapshot\n\n* Add CreateNotificationActionTest for migration\n\n* Modify button text\n\n* Modify expansion state post test\n\n* Modify show/hide logic\n\n* Add some access control tests\n\n* Remove wrong branch files\n\n* Remove wrong branch files\n\n* Fix errors caused by linting\n\n* Modify access control to be separate\n\n* Remove typicalbundle usage\n\n* Move constant to rerun github actions\n\n* Fix disabled tests\n\n---------\n\nCo-authored-by: domoberzin \u003c74132255+domoberzin@users.noreply.github.com\u003e\nCo-authored-by: Jason Qiu \u003cjason_qiu@hotmail.com\u003e","fileTypesAndContributionMap":{"java":{"insertions":192,"deletions":0}}},{"hash":"e9a0ea083c83625cdafbbbc3a39edff010b8c792","isMergeCommit":false,"messageTitle":"Add tests for GetUsageStatisticsActionTest (#13245)","messageBody":"Co-authored-by: domoberzin \u003c74132255+domoberzin@users.noreply.github.com\u003e","fileTypesAndContributionMap":{"java":{"insertions":136,"deletions":1}}}]},{"date":"2025-03-01","commitResults":[{"hash":"efd2eaff08d38d222ec4e1dea77e00851ff98a1f","isMergeCommit":false,"messageTitle":"Add testcase for GetTimeZonesActionTest (#13244)","messageBody":"Co-authored-by: domoberzin \u003c74132255+domoberzin@users.noreply.github.com\u003e","fileTypesAndContributionMap":{"java":{"insertions":84,"deletions":1}}}]},{"date":"2025-03-03","commitResults":[{"hash":"054280d7a454da639141f9f0f654714d16f094e8","isMergeCommit":false,"messageTitle":"[#12048] Migrate tests for GetNotificationsActionTest (#13219)","messageBody":"","fileTypesAndContributionMap":{"java":{"insertions":306,"deletions":0}}}]},{"date":"2025-03-06","commitResults":[{"hash":"36da42c37fb66865221199153012c28f0f138113","isMergeCommit":false,"messageTitle":"[#12048] Migrate tests for CalculateUsageStatisticsAction (#13247)","messageBody":"* Add test for CalculateUsageStatisticsAction\n\n* Add missing login as admin\n\n* Update maintainer test to cannot access\n\n* Extract typical usage statistic\n\n---------\n\nCo-authored-by: Jason Qiu \u003cjason_qiu@hotmail.com\u003e\nCo-authored-by: domoberzin \u003c74132255+domoberzin@users.noreply.github.com\u003e","fileTypesAndContributionMap":{"java":{"insertions":157,"deletions":0}}}]},{"date":"2025-03-07","commitResults":[{"hash":"08256a5281abb77945f4d7ede3f199b94edf5482","isMergeCommit":false,"messageTitle":"[#12048] Migrate tests for UpdateNotificationActionTest (#13224)","messageBody":"","fileTypesAndContributionMap":{"java":{"insertions":249,"deletions":1}}}]},{"date":"2025-03-10","commitResults":[{"hash":"5c2b666af0f87f2ac82069db7b2fc265a0b7241f","isMergeCommit":false,"messageTitle":"[#12048] Migrate tests for CompileLogsActionTest (#13233)","messageBody":"* Add GetNotificationsActionTest for migration\n\n* Add CompileLogsActionTest for migration\n\n* Remove typical bundle usage\n\n* Remove wrong branch files\n\n* Add space to rerun github action\n\n* Rename variables","fileTypesAndContributionMap":{"java":{"insertions":95,"deletions":1}}}]},{"date":"2025-03-13","commitResults":[{"hash":"e4ecb2125120977786f605105e4c48073118dd0f","isMergeCommit":false,"messageTitle":"[#12048] Migrate tests for CreateFeedbackSessionLogActionTest (#13239)","messageBody":"* Add GetNotificationsActionTest for migration\n\n* Add CompileLogsActionTest for migration\n\n* Remove typical bundle usage\n\n* Remove wrong branch files\n\n* Add QueryLogsActionTest for migration\n\n* Add space to rerun github action\n\n* Add initial code for CreateFeedbackSessionLogActionTest\n\n* Remove wrong branch files\n\n* Finish remainder migration for test\n\n* Finish remainder migration for test\n\n* Fix component test error with missing params\n\n* Refactor CreateFeedbackSessionLogActionTest\n\n---------\n\nCo-authored-by: domoberzin \u003c74132255+domoberzin@users.noreply.github.com\u003e","fileTypesAndContributionMap":{"java":{"insertions":233,"deletions":0}}},{"hash":"f6a8c9b3ca256d8b7a8f0dfb6ae4698c8e10dc3f","isMergeCommit":false,"messageTitle":"[#12048] Migrate tests for QueryLogsActionTest (#13234)","messageBody":"* Add QueryLogsActionTest for migration\n\n* Refactor QueryLogsActionTest\n\n---------\n\nCo-authored-by: Jason Qiu \u003cjason_qiu@hotmail.com\u003e\nCo-authored-by: domoberzin \u003c74132255+domoberzin@users.noreply.github.com\u003e","fileTypesAndContributionMap":{"java":{"insertions":398,"deletions":0}}}]},{"date":"2025-03-22","commitResults":[{"hash":"5de58cb80e797f3bb4e3a7570df3f8b1d9761c78","isMergeCommit":false,"messageTitle":"[#12048] Migrate tests for JsonResultTest (#13274)","messageBody":"","fileTypesAndContributionMap":{"java":{"insertions":88,"deletions":4}}},{"hash":"c6998b330f50223565d1a847d774c330fe6c25f0","isMergeCommit":false,"messageTitle":"[#12048] Migrate tests for GetDeadlineExtensionActionTest (#13266)","messageBody":"* Add initial code for GetDeadlineExtensionActionTest\n\n* Fix success case\n\n* Add instructor deadline extension for coverage\n\n---------\n\nCo-authored-by: Jason Qiu \u003cjason_qiu@hotmail.com\u003e","fileTypesAndContributionMap":{"java":{"insertions":215,"deletions":0}}}]}],"NorbertLoh":[],"yucongkoo":[],"BunnyHoppp":[{"date":"2025-02-15","commitResults":[{"hash":"27590961cc901c76ce0ad9b00733691df2a42c37","isMergeCommit":false,"messageTitle":"[#12048] Migrate tests for DeleteFeedbackQuestionActionTest (#13218)","messageBody":"","fileTypesAndContributionMap":{"java":{"insertions":124,"deletions":0}}}]},{"date":"2025-02-28","commitResults":[{"hash":"ca4f1782c282e053a07d9dee3f4248db90129c27","isMergeCommit":false,"messageTitle":"[#12048] Refactor tests for DeleteFeedbackQuestionActionTest (#13246)","messageBody":"* Refactor test case initialisation\n\nRemove final fields and create a\nmethod to initialise the variables\nbefore the test, so as to reduce\ndependencies.\n\n(cherry picked from commit 1dc9742a3c199153f4fdc28ba35395de0a0069a9)\n\n* Rectify import classes\n\nImported BeforeEach from JUnit\npreviously, instead of BeforeMethod\n\n---------\n\nCo-authored-by: domoberzin \u003c74132255+domoberzin@users.noreply.github.com\u003e","fileTypesAndContributionMap":{"java":{"insertions":13,"deletions":5}}}]},{"date":"2025-03-03","commitResults":[{"hash":"7aeb74073984d723b629f56c003892e333fae7f8","isMergeCommit":false,"messageTitle":"[#12048] Migrate tests for UpdateFeedbackQuestionActionTest (#13231)","messageBody":"* Migrate UpdateFeedbackQuestionActionTest\n\nTest execute method with some positive\nand negative test cases\n\nTest checkSpecificAccessControl method\nwith some positive and negative test\ncases\n\n* Refactor test case initialisation\n\nRemove final fields and create a\nmethod to initialise the variables\nbefore the test, so as to reduce\ndependencies.\n\n* Rectify minor style error\n\n---------\n\nCo-authored-by: domoberzin \u003c74132255+domoberzin@users.noreply.github.com\u003e\nCo-authored-by: Jason Qiu \u003cjason_qiu@hotmail.com\u003e","fileTypesAndContributionMap":{"java":{"insertions":282,"deletions":0}}}]},{"date":"2025-03-04","commitResults":[{"hash":"2076737b95fea9804db09384154e7df15f775f7a","isMergeCommit":false,"messageTitle":"[#12048] Migrate tests for CreateFeedbackQuestionActionTest (#13240)","messageBody":"* Migrate CreateFeedbackQuestionActionTest\n\nTest execute method with some positive\nand negative test cases\n\nTest checkSpecificAccessControl method\nwith some positive and negative test\ncases\n\n* Add whitespace for better style\n\n* Fix test case naming\n\nAdded type of exception thrown\n\n---------\n\nCo-authored-by: Jason Qiu \u003cjason_qiu@hotmail.com\u003e","fileTypesAndContributionMap":{"java":{"insertions":280,"deletions":0}}}]},{"date":"2025-03-07","commitResults":[{"hash":"9c2d80cf66bc92b7db295ded2795ab2f60d86ea1","isMergeCommit":false,"messageTitle":"Migrate UpdateInstructorActionTest (#13256)","messageBody":"","fileTypesAndContributionMap":{"java":{"insertions":296,"deletions":0}}}]},{"date":"2025-03-09","commitResults":[{"hash":"689d913390a85987205d0371ac0421ba7a903777","isMergeCommit":false,"messageTitle":"[#12048] Migrate tests for CreateInstructorActionTest (#13255)","messageBody":"* Migrate CreateInstructorActionTest\nTest execute method with some positive\nand negative test cases\n\nTest checkSpecificAccessControl method\nwith some positive and negative test\ncases\n\n* Add new tests\n\nAdded a new positive test case for\ntestAccessControl tests\n\nVerify invocation of certain mocked methods\n\n---------\n\nCo-authored-by: Jason Qiu \u003cjason_qiu@hotmail.com\u003e","fileTypesAndContributionMap":{"java":{"insertions":313,"deletions":0}}}]},{"date":"2025-03-22","commitResults":[{"hash":"299204d39698632754a9b7136dea2f8b1ed2bc85","isMergeCommit":false,"messageTitle":"[#12048] Migrate tests for GetAuthInfoActionTest (#13273)","messageBody":"* Migrate GetAuthInfoActionTest\nTest execute method with some positive\nand negative test cases\n\nTest checkSpecificAccessControl method\nwith some positive and negative test\ncases\n\n* Refactor test case\n\nModify the accessibility of createLoginURL to be used in the test.\n\nCombined some test case for readability.\n\n---------\n\nCo-authored-by: Jason Qiu \u003cjason_qiu@hotmail.com\u003e","fileTypesAndContributionMap":{"java":{"insertions":187,"deletions":2}}}]}],"CYX22222003":[],"Incogdino":[],"DhiraPT":[{"date":"2025-02-19","commitResults":[{"hash":"24959834f13825ccabbf3fbe3b2d81454f8236fc","isMergeCommit":false,"messageTitle":"[#12048] Migrate Tests for DeleteStudentsActionTest (#13205)","messageBody":"* Add DeleteStudentsActionTest\n\n* Add instructorInDifferentCourse test\n\n* Abstract the code\n\n* Separate logged out access control test\n\n* Fix parameters\n\n* Remove extra access verification\n\n* Refine tests\n\n* Ensure consistent code styling\n\n* Improve test methods\n\n* Improve test methods\n\n* Use typical entities for instantiating objects\n\n---------\n\nCo-authored-by: Jason Qiu \u003cjason_qiu@hotmail.com\u003e","fileTypesAndContributionMap":{"java":{"insertions":173,"deletions":0}}},{"hash":"c4390f2ae8f551a3b2080a1eeff62559b3c1dd40","isMergeCommit":false,"messageTitle":"[#12048] Migrate Tests for DeleteStudentActionTest (#13204)","messageBody":"* Add DeleteStudentActionTest\n\n* Fix tests error\nFix a test failure caused by a mismatch in the student Google ID during mocking.\n\n* Remove unnecessary assert\n\n* Add no parameters test\n\n* Abstract the code and add instructorInDifferentCourse test\n\n* Separate logged out access control test\n\n* Refine tests\n\n* Improve test methods\n\n* Improve test methods\n\n* Use typical entities for instantiating objects\n\n---------\n\nCo-authored-by: Jason Qiu \u003cjason_qiu@hotmail.com\u003e","fileTypesAndContributionMap":{"java":{"insertions":250,"deletions":0}}}]},{"date":"2025-03-03","commitResults":[{"hash":"c72ca17571e834e2cdc8de16e46422dfb1c6f9e9","isMergeCommit":false,"messageTitle":"[#12048] Migrate Tests for DeleteInstructorActionTest (#13207)","messageBody":"* Add DeleteInstructorActionTest\n\n* Remove AtomicReference\n\n* Separate logged out access control test\n\n* Refine tests\n\n* Improve test methods\n\n* Add test specific access control for unregistered user\n\n---------\n\nCo-authored-by: Jason Qiu \u003cjason_qiu@hotmail.com\u003e\nCo-authored-by: domoberzin \u003c74132255+domoberzin@users.noreply.github.com\u003e","fileTypesAndContributionMap":{"java":{"insertions":358,"deletions":0}}}]},{"date":"2025-03-07","commitResults":[{"hash":"db976da0cd0c818fd05c8b783aaa68fdb4b1d4b5","isMergeCommit":false,"messageTitle":"[#12048] Migrate Tests for FeedbackSessionPublishedRemindersActionTest (#13223)","messageBody":"* Add FeedbackSessionPublishedRemindersActionTest\n\n* Refine test class","fileTypesAndContributionMap":{"java":{"insertions":128,"deletions":0}}}]},{"date":"2025-03-09","commitResults":[{"hash":"bf920c54012d9f5f79d5d502d3d1f8f35911c96c","isMergeCommit":false,"messageTitle":"[#13228] Standardize the Naming Conventions for FeedbackSession Actions (#13229)","messageBody":"* Simplify the naming convention change\n\n* Fix linting error\n\n* Rename html test files","fileTypesAndContributionMap":{"java":{"insertions":576,"deletions":569},"md":{"insertions":1,"deletions":1},"html":{"insertions":2,"deletions":2},"ts":{"insertions":77,"deletions":76}}}]},{"date":"2025-03-11","commitResults":[{"hash":"75e8fc4a5595c0d8c89121cc9831ee0cea274315","isMergeCommit":false,"messageTitle":"[#13261] Implement Email Sending Failure Behavior in MockEmailSender (#13262)","messageBody":"* Implement shouldFail in MockEmailSender","fileTypesAndContributionMap":{"java":{"insertions":14,"deletions":0}}}]},{"date":"2025-03-12","commitResults":[{"hash":"8b306f0c6da966210d423bac55de135782bc1b39","isMergeCommit":false,"messageTitle":"Add null checks to methods in Student class (#13264)","messageBody":"","fileTypesAndContributionMap":{"java":{"insertions":3,"deletions":3}}}]},{"date":"2025-03-14","commitResults":[{"hash":"092dcb3477fd9c44f48687ac6cbd0280b88dc007","isMergeCommit":false,"messageTitle":"[#12048] Migrate Tests for FeedbackSessionClosedRemindersActionTest (#13208)","messageBody":"* Add FeedbackSessionClosedRemindersActionTest\n\n* Add more access control tests\n\n* Refine tests\n\n* Fix mocking error\n\n* Improve test class\n\n---------\n\nCo-authored-by: domoberzin \u003c74132255+domoberzin@users.noreply.github.com\u003e","fileTypesAndContributionMap":{"java":{"insertions":136,"deletions":0}}},{"hash":"562c4316fa198c28d2430a5da8f3658dec772964","isMergeCommit":false,"messageTitle":"[#12048] Migrate Tests for SearchInstructorsActionTest (#13259)","messageBody":"* Add SearchInstructorsActionTest\n\n* Refactor code to avoid errors when id is null\n\n* Refactor test class\n\n---------\n\nCo-authored-by: Jason Qiu \u003cjason_qiu@hotmail.com\u003e","fileTypesAndContributionMap":{"java":{"insertions":185,"deletions":1}}}]},{"date":"2025-03-15","commitResults":[{"hash":"d788acfb15ed0d250be905237ee98a7ced09e949","isMergeCommit":false,"messageTitle":"[#12048] Migrate Tests for RegenerateStudentKeyActionTest (#13258)","messageBody":"* Add RegenerateStudentKeyActionTest\n\n* Fix typo\n\n* Refactor code to avoid errors when id is null\n\n* Refactor test class\n\n* Refine test class\n\n---------\n\nCo-authored-by: Jason Qiu \u003cjason_qiu@hotmail.com\u003e","fileTypesAndContributionMap":{"java":{"insertions":250,"deletions":3}}},{"hash":"042f09e998f8dc78a6f152480c7ad1c2fa0ad3d8","isMergeCommit":false,"messageTitle":"[#12048] Migrate Tests for RegenerateInstructorKeyActionTest (#13226)","messageBody":"* Add RegenerateInstructorKeyActionTest\n\n* Ensure consistent code styling\n\n* Refine test class\n\n* Refactor code\n\n* Fix typo\n\n* Fix typo\n\n* Refactor code to avoid errors when id is null\n\n* Refactor test class\n\n* Refine test class\n\n---------\n\nCo-authored-by: Jason Qiu \u003cjason_qiu@hotmail.com\u003e","fileTypesAndContributionMap":{"java":{"insertions":248,"deletions":3}}}]}],"joeng03":[]},"authorFileTypeContributionMap":{"Izn432":{"java":0,"js":0,"scss":0,"md":0,"py":0,"tag":0,"html":0,"ts":0},"IanCheah":{"java":0,"js":0,"scss":0,"md":0,"py":0,"tag":0,"html":0,"ts":0},"Airiinnn":{"java":0,"js":0,"scss":0,"md":0,"py":0,"tag":0,"html":0,"ts":0},"peasantbird":{"java":775,"js":0,"scss":0,"md":0,"py":0,"tag":0,"html":0,"ts":0},"AgentHagu":{"java":0,"js":0,"scss":0,"md":0,"py":0,"tag":0,"html":0,"ts":0},"JoanneHing":{"java":0,"js":0,"scss":0,"md":0,"py":0,"tag":0,"html":0,"ts":0},"HollaG":{"java":0,"js":0,"scss":0,"md":0,"py":0,"tag":0,"html":0,"ts":0},"wx-03":{"java":0,"js":0,"scss":0,"md":0,"py":0,"tag":0,"html":0,"ts":0},"lyuanww":{"java":0,"js":0,"scss":0,"md":0,"py":0,"tag":0,"html":0,"ts":0},"mingyang143":{"java":2575,"js":0,"scss":0,"md":0,"py":0,"tag":0,"html":0,"ts":0},"yyccbb":{"java":0,"js":0,"scss":0,"md":0,"py":0,"tag":0,"html":0,"ts":0},"gerteck":{"java":0,"js":0,"scss":0,"md":0,"py":0,"tag":0,"html":0,"ts":0},"InfinityTwo":{"java":2524,"js":0,"scss":0,"md":0,"py":0,"tag":0,"html":0,"ts":0},"NorbertLoh":{"java":0,"js":0,"scss":0,"md":0,"py":0,"tag":0,"html":0,"ts":0},"yucongkoo":{"java":0,"js":0,"scss":0,"md":0,"py":0,"tag":0,"html":0,"ts":0},"BunnyHoppp":{"java":1490,"js":0,"scss":0,"md":0,"py":0,"tag":0,"html":0,"ts":0},"CYX22222003":{"java":0,"js":0,"scss":0,"md":0,"py":0,"tag":0,"html":0,"ts":0},"Incogdino":{"java":0,"js":0,"scss":0,"md":0,"py":0,"tag":0,"html":0,"ts":0},"DhiraPT":{"java":2321,"js":0,"scss":0,"md":1,"py":0,"tag":0,"html":2,"ts":77},"joeng03":{"java":0,"js":0,"scss":0,"md":0,"py":0,"tag":0,"html":0,"ts":0}},"authorContributionVariance":{"Izn432":0.0,"IanCheah":0.0,"Airiinnn":0.0,"peasantbird":2250.5881,"AgentHagu":0.0,"JoanneHing":0.0,"HollaG":0.0,"wx-03":0.0,"lyuanww":0.0,"mingyang143":9888.981,"yyccbb":0.0,"gerteck":0.0,"InfinityTwo":7445.307,"NorbertLoh":0.0,"yucongkoo":0.0,"BunnyHoppp":3346.3132,"CYX22222003":0.0,"Incogdino":0.0,"DhiraPT":20520.324,"joeng03":0.0},"authorDisplayNameMap":{"Izn432":"ISAA.. JIE","IanCheah":"CHEA.. IAN","Airiinnn":"ALEX..ANDY","peasantbird":"WONG..RAND","AgentHagu":"ADRI..IANG","JoanneHing":"HING..XING","HollaG":"SOH ..RCUS","wx-03":"TNG ..N XI","lyuanww":"WONG..YUAN","mingyang143":"LI M..YANG","yyccbb":"YU C..ENBO","gerteck":"CHAN..TECK","InfinityTwo":"POH ..KANG","NorbertLoh":"LOH ..BERT","yucongkoo":"KOO ..CONG","BunnyHoppp":"TENG..LOON","CYX22222003":"CHEN..IXUN","Incogdino":"JAVI.. WEE","DhiraPT":"DHIR..GARA","joeng03":"NG Y.. JOE"}}
