{"authorDailyContributionsMap":{"Izn432":[],"IanCheah":[],"Airiinnn":[],"peasantbird":[{"date":"2025-02-27","commitResults":[{"hash":"420db76ca07c377096bba8394e5eb21c12bffbea","isMergeCommit":false,"messageTitle":"[#12048] Migrate tests for DeleteAccountRequestActionTest (#13213)","messageBody":"* Add tests for execute\n\n* Add remaining tests\n\n* Fix lint\n\n* Apply suggestions\n\n---------\n\nCo-authored-by: Jason Qiu \u003cjason_qiu@hotmail.com\u003e","fileTypesAndContributionMap":{"java":{"insertions":136,"deletions":1}}}]}],"AgentHagu":[],"JoanneHing":[],"HollaG":[],"wx-03":[],"lyuanww":[],"mingyang143":[{"date":"2025-02-10","commitResults":[{"hash":"8005a6a3c571c5bf8406f101b8de00a231d4f2b5","isMergeCommit":false,"messageTitle":"[#12048] Migrate tests for DeleteAccountActionTest (#13200)","messageBody":"* Migrate DeleteAccountActionTest\r\n\r\n* Fix checkstyle\r\n\r\n* Modify tests in DeleteAccountActionTest.java\r\n\r\n* Update method name in DeleteAccountActionTest","fileTypesAndContributionMap":{"java":{"insertions":56,"deletions":1}}}]},{"date":"2025-02-19","commitResults":[{"hash":"7dc4ef9845dad8b9f76fb91897cae0f1b012cd14","isMergeCommit":false,"messageTitle":"[#12048] Migrate tests (#13206)","messageBody":"* Migrate tests and improve code coverage\n\n* Update tests based on PR feedback\n\n* Update tests based on PR feedback\n\n* Update tests based on PR feedback\n\n---------\n\nCo-authored-by: yuanxi1 \u003c52706394+yuanxi1@users.noreply.github.com\u003e","fileTypesAndContributionMap":{"java":{"insertions":392,"deletions":0}}},{"hash":"32aa037878a0b320cb57ed11989fbed0a10681e7","isMergeCommit":false,"messageTitle":"[#12048] Migrate tests for GetAccountsAction.java (#13214)","messageBody":"* Migrate tests for GetAccountsAction.java\n\n* Update tests based on PR feedback\n\n* Update tests based on PR feedback\n\n---------\n\nCo-authored-by: Jason Qiu \u003cjason_qiu@hotmail.com\u003e","fileTypesAndContributionMap":{"java":{"insertions":129,"deletions":1}}}]},{"date":"2025-03-03","commitResults":[{"hash":"57974b63de406137fdd56e220ff61bdf1be10743","isMergeCommit":false,"messageTitle":"[#12048] Migrate tests for GetAccountActionTest (#13212)","messageBody":"* Migrate tests for GetAccountActionTest.java\n\n* Fix Checkstyle in GetAccountActionTest.java\n\n* Fix method name in GetAccountActionTest.java\n\n* Update tests based on PR feedback\n\n* Add mock logic to return null for clarity\n\n---------\n\nCo-authored-by: Jason Qiu \u003cjason_qiu@hotmail.com\u003e\nCo-authored-by: domoberzin \u003c74132255+domoberzin@users.noreply.github.com\u003e","fileTypesAndContributionMap":{"java":{"insertions":93,"deletions":1}}}]}],"yyccbb":[],"gerteck":[],"InfinityTwo":[{"date":"2025-02-18","commitResults":[{"hash":"3e471526242d7cabc48e56458f5006113b078c10","isMergeCommit":false,"messageTitle":"[#12048] Migrate tests for DeleteNotificationActionTest (#13201)","messageBody":"","fileTypesAndContributionMap":{"java":{"insertions":112,"deletions":0}}}]},{"date":"2025-02-23","commitResults":[{"hash":"d1930b5c292a8ce17975410bb1d2858336237fe2","isMergeCommit":false,"messageTitle":"[#12048] Migrate tests for MarkNotificationAsReadActionTest (#13222)","messageBody":"","fileTypesAndContributionMap":{"java":{"insertions":123,"deletions":0}}}]},{"date":"2025-02-27","commitResults":[{"hash":"f6cb6d338f9a6e909b91bc2ee4b28a251cddfcad","isMergeCommit":false,"messageTitle":"[#12048] Migrate tests for GetReadNotificationsActionTest (#13220)","messageBody":"* Add GetReadNotificationsActionTest\n\n* Remove typicalbundle usage\n\n---------\n\nCo-authored-by: domoberzin \u003c74132255+domoberzin@users.noreply.github.com\u003e\nCo-authored-by: Jason Qiu \u003cjason_qiu@hotmail.com\u003e","fileTypesAndContributionMap":{"java":{"insertions":60,"deletions":0}}}]},{"date":"2025-02-28","commitResults":[{"hash":"9c774b35ddb4c7f74db3ce98c8e64d048b9763ef","isMergeCommit":false,"messageTitle":"[#12048] Migrate tests for GetNotificationActionTest (#13210)","messageBody":"* Add GetNotificationActionTest for migration\n\n* Modify mockLogic to call main method\n\n* Fix linting\n\n* Remove the use of typical bundle in test\n\n---------\n\nCo-authored-by: domoberzin \u003c74132255+domoberzin@users.noreply.github.com\u003e\nCo-authored-by: Jason Qiu \u003cjason_qiu@hotmail.com\u003e","fileTypesAndContributionMap":{"java":{"insertions":84,"deletions":0}}},{"hash":"df53040e9e0b1c581a6d9a2281dd1039f8f5982f","isMergeCommit":false,"messageTitle":"[#12048] Migrate tests for CreateNotificationActionTest (#13209)","messageBody":"* Add show or hide all question button\n\n* Refactor code and add button styling\n\n* Fix checkstyle\n\n* Update component test for session submission page\n\n* Fix extra space styling\n\n* Update session submission snapshot\n\n* Add CreateNotificationActionTest for migration\n\n* Modify button text\n\n* Modify expansion state post test\n\n* Modify show/hide logic\n\n* Add some access control tests\n\n* Remove wrong branch files\n\n* Remove wrong branch files\n\n* Fix errors caused by linting\n\n* Modify access control to be separate\n\n* Remove typicalbundle usage\n\n* Move constant to rerun github actions\n\n* Fix disabled tests\n\n---------\n\nCo-authored-by: domoberzin \u003c74132255+domoberzin@users.noreply.github.com\u003e\nCo-authored-by: Jason Qiu \u003cjason_qiu@hotmail.com\u003e","fileTypesAndContributionMap":{"java":{"insertions":192,"deletions":0}}},{"hash":"e9a0ea083c83625cdafbbbc3a39edff010b8c792","isMergeCommit":false,"messageTitle":"Add tests for GetUsageStatisticsActionTest (#13245)","messageBody":"Co-authored-by: domoberzin \u003c74132255+domoberzin@users.noreply.github.com\u003e","fileTypesAndContributionMap":{"java":{"insertions":136,"deletions":1}}}]},{"date":"2025-03-01","commitResults":[{"hash":"efd2eaff08d38d222ec4e1dea77e00851ff98a1f","isMergeCommit":false,"messageTitle":"Add testcase for GetTimeZonesActionTest (#13244)","messageBody":"Co-authored-by: domoberzin \u003c74132255+domoberzin@users.noreply.github.com\u003e","fileTypesAndContributionMap":{"java":{"insertions":84,"deletions":1}}}]},{"date":"2025-03-03","commitResults":[{"hash":"054280d7a454da639141f9f0f654714d16f094e8","isMergeCommit":false,"messageTitle":"[#12048] Migrate tests for GetNotificationsActionTest (#13219)","messageBody":"","fileTypesAndContributionMap":{"java":{"insertions":306,"deletions":0}}}]},{"date":"2025-03-06","commitResults":[{"hash":"36da42c37fb66865221199153012c28f0f138113","isMergeCommit":false,"messageTitle":"[#12048] Migrate tests for CalculateUsageStatisticsAction (#13247)","messageBody":"* Add test for CalculateUsageStatisticsAction\n\n* Add missing login as admin\n\n* Update maintainer test to cannot access\n\n* Extract typical usage statistic\n\n---------\n\nCo-authored-by: Jason Qiu \u003cjason_qiu@hotmail.com\u003e\nCo-authored-by: domoberzin \u003c74132255+domoberzin@users.noreply.github.com\u003e","fileTypesAndContributionMap":{"java":{"insertions":157,"deletions":0}}}]},{"date":"2025-03-07","commitResults":[{"hash":"08256a5281abb77945f4d7ede3f199b94edf5482","isMergeCommit":false,"messageTitle":"[#12048] Migrate tests for UpdateNotificationActionTest (#13224)","messageBody":"","fileTypesAndContributionMap":{"java":{"insertions":249,"deletions":1}}}]}],"NorbertLoh":[],"yucongkoo":[],"BunnyHoppp":[{"date":"2025-02-15","commitResults":[{"hash":"27590961cc901c76ce0ad9b00733691df2a42c37","isMergeCommit":false,"messageTitle":"[#12048] Migrate tests for DeleteFeedbackQuestionActionTest (#13218)","messageBody":"","fileTypesAndContributionMap":{"java":{"insertions":124,"deletions":0}}}]},{"date":"2025-02-28","commitResults":[{"hash":"ca4f1782c282e053a07d9dee3f4248db90129c27","isMergeCommit":false,"messageTitle":"[#12048] Refactor tests for DeleteFeedbackQuestionActionTest (#13246)","messageBody":"* Refactor test case initialisation\n\nRemove final fields and create a\nmethod to initialise the variables\nbefore the test, so as to reduce\ndependencies.\n\n(cherry picked from commit 1dc9742a3c199153f4fdc28ba35395de0a0069a9)\n\n* Rectify import classes\n\nImported BeforeEach from JUnit\npreviously, instead of BeforeMethod\n\n---------\n\nCo-authored-by: domoberzin \u003c74132255+domoberzin@users.noreply.github.com\u003e","fileTypesAndContributionMap":{"java":{"insertions":13,"deletions":5}}}]},{"date":"2025-03-03","commitResults":[{"hash":"7aeb74073984d723b629f56c003892e333fae7f8","isMergeCommit":false,"messageTitle":"[#12048] Migrate tests for UpdateFeedbackQuestionActionTest (#13231)","messageBody":"* Migrate UpdateFeedbackQuestionActionTest\n\nTest execute method with some positive\nand negative test cases\n\nTest checkSpecificAccessControl method\nwith some positive and negative test\ncases\n\n* Refactor test case initialisation\n\nRemove final fields and create a\nmethod to initialise the variables\nbefore the test, so as to reduce\ndependencies.\n\n* Rectify minor style error\n\n---------\n\nCo-authored-by: domoberzin \u003c74132255+domoberzin@users.noreply.github.com\u003e\nCo-authored-by: Jason Qiu \u003cjason_qiu@hotmail.com\u003e","fileTypesAndContributionMap":{"java":{"insertions":282,"deletions":0}}}]},{"date":"2025-03-04","commitResults":[{"hash":"2076737b95fea9804db09384154e7df15f775f7a","isMergeCommit":false,"messageTitle":"[#12048] Migrate tests for CreateFeedbackQuestionActionTest (#13240)","messageBody":"* Migrate CreateFeedbackQuestionActionTest\n\nTest execute method with some positive\nand negative test cases\n\nTest checkSpecificAccessControl method\nwith some positive and negative test\ncases\n\n* Add whitespace for better style\n\n* Fix test case naming\n\nAdded type of exception thrown\n\n---------\n\nCo-authored-by: Jason Qiu \u003cjason_qiu@hotmail.com\u003e","fileTypesAndContributionMap":{"java":{"insertions":280,"deletions":0}}}]},{"date":"2025-03-07","commitResults":[{"hash":"9c2d80cf66bc92b7db295ded2795ab2f60d86ea1","isMergeCommit":false,"messageTitle":"Migrate UpdateInstructorActionTest (#13256)","messageBody":"","fileTypesAndContributionMap":{"java":{"insertions":296,"deletions":0}}}]}],"CYX22222003":[],"Incogdino":[],"DhiraPT":[{"date":"2025-02-19","commitResults":[{"hash":"24959834f13825ccabbf3fbe3b2d81454f8236fc","isMergeCommit":false,"messageTitle":"[#12048] Migrate Tests for DeleteStudentsActionTest (#13205)","messageBody":"* Add DeleteStudentsActionTest\n\n* Add instructorInDifferentCourse test\n\n* Abstract the code\n\n* Separate logged out access control test\n\n* Fix parameters\n\n* Remove extra access verification\n\n* Refine tests\n\n* Ensure consistent code styling\n\n* Improve test methods\n\n* Improve test methods\n\n* Use typical entities for instantiating objects\n\n---------\n\nCo-authored-by: Jason Qiu \u003cjason_qiu@hotmail.com\u003e","fileTypesAndContributionMap":{"java":{"insertions":173,"deletions":0}}},{"hash":"c4390f2ae8f551a3b2080a1eeff62559b3c1dd40","isMergeCommit":false,"messageTitle":"[#12048] Migrate Tests for DeleteStudentActionTest (#13204)","messageBody":"* Add DeleteStudentActionTest\n\n* Fix tests error\nFix a test failure caused by a mismatch in the student Google ID during mocking.\n\n* Remove unnecessary assert\n\n* Add no parameters test\n\n* Abstract the code and add instructorInDifferentCourse test\n\n* Separate logged out access control test\n\n* Refine tests\n\n* Improve test methods\n\n* Improve test methods\n\n* Use typical entities for instantiating objects\n\n---------\n\nCo-authored-by: Jason Qiu \u003cjason_qiu@hotmail.com\u003e","fileTypesAndContributionMap":{"java":{"insertions":250,"deletions":0}}}]},{"date":"2025-03-03","commitResults":[{"hash":"c72ca17571e834e2cdc8de16e46422dfb1c6f9e9","isMergeCommit":false,"messageTitle":"[#12048] Migrate Tests for DeleteInstructorActionTest (#13207)","messageBody":"* Add DeleteInstructorActionTest\n\n* Remove AtomicReference\n\n* Separate logged out access control test\n\n* Refine tests\n\n* Improve test methods\n\n* Add test specific access control for unregistered user\n\n---------\n\nCo-authored-by: Jason Qiu \u003cjason_qiu@hotmail.com\u003e\nCo-authored-by: domoberzin \u003c74132255+domoberzin@users.noreply.github.com\u003e","fileTypesAndContributionMap":{"java":{"insertions":358,"deletions":0}}}]},{"date":"2025-03-07","commitResults":[{"hash":"db976da0cd0c818fd05c8b783aaa68fdb4b1d4b5","isMergeCommit":false,"messageTitle":"[#12048] Migrate Tests for FeedbackSessionPublishedRemindersActionTest (#13223)","messageBody":"* Add FeedbackSessionPublishedRemindersActionTest\n\n* Refine test class","fileTypesAndContributionMap":{"java":{"insertions":128,"deletions":0}}}]}],"joeng03":[]},"authorFileTypeContributionMap":{"Izn432":{"java":0,"js":0,"scss":0,"md":0,"py":0,"tag":0,"html":0,"ts":0},"IanCheah":{"java":0,"js":0,"scss":0,"md":0,"py":0,"tag":0,"html":0,"ts":0},"Airiinnn":{"java":0,"js":0,"scss":0,"md":0,"py":0,"tag":0,"html":0,"ts":0},"peasantbird":{"java":136,"js":0,"scss":0,"md":0,"py":0,"tag":0,"html":0,"ts":0},"AgentHagu":{"java":0,"js":0,"scss":0,"md":0,"py":0,"tag":0,"html":0,"ts":0},"JoanneHing":{"java":0,"js":0,"scss":0,"md":0,"py":0,"tag":0,"html":0,"ts":0},"HollaG":{"java":0,"js":0,"scss":0,"md":0,"py":0,"tag":0,"html":0,"ts":0},"wx-03":{"java":0,"js":0,"scss":0,"md":0,"py":0,"tag":0,"html":0,"ts":0},"lyuanww":{"java":0,"js":0,"scss":0,"md":0,"py":0,"tag":0,"html":0,"ts":0},"mingyang143":{"java":670,"js":0,"scss":0,"md":0,"py":0,"tag":0,"html":0,"ts":0},"yyccbb":{"java":0,"js":0,"scss":0,"md":0,"py":0,"tag":0,"html":0,"ts":0},"gerteck":{"java":0,"js":0,"scss":0,"md":0,"py":0,"tag":0,"html":0,"ts":0},"InfinityTwo":{"java":1502,"js":0,"scss":0,"md":0,"py":0,"tag":0,"html":0,"ts":0},"NorbertLoh":{"java":0,"js":0,"scss":0,"md":0,"py":0,"tag":0,"html":0,"ts":0},"yucongkoo":{"java":0,"js":0,"scss":0,"md":0,"py":0,"tag":0,"html":0,"ts":0},"BunnyHoppp":{"java":990,"js":0,"scss":0,"md":0,"py":0,"tag":0,"html":0,"ts":0},"CYX22222003":{"java":0,"js":0,"scss":0,"md":0,"py":0,"tag":0,"html":0,"ts":0},"Incogdino":{"java":0,"js":0,"scss":0,"md":0,"py":0,"tag":0,"html":0,"ts":0},"DhiraPT":{"java":909,"js":0,"scss":0,"md":0,"py":0,"tag":0,"html":0,"ts":0},"joeng03":{"java":0,"js":0,"scss":0,"md":0,"py":0,"tag":0,"html":0,"ts":0}},"authorContributionVariance":{"Izn432":0.0,"IanCheah":0.0,"Airiinnn":0.0,"peasantbird":191.5,"AgentHagu":0.0,"JoanneHing":0.0,"HollaG":0.0,"wx-03":0.0,"lyuanww":0.0,"mingyang143":2885.5613,"yyccbb":0.0,"gerteck":0.0,"InfinityTwo":3778.0432,"NorbertLoh":0.0,"yucongkoo":0.0,"BunnyHoppp":2586.915,"CYX22222003":0.0,"Incogdino":0.0,"DhiraPT":3246.9958,"joeng03":0.0},"authorDisplayNameMap":{"Izn432":"ISAA.. JIE","IanCheah":"CHEA.. IAN","Airiinnn":"ALEX..ANDY","peasantbird":"WONG..RAND","AgentHagu":"ADRI..IANG","JoanneHing":"HING..XING","HollaG":"SOH ..RCUS","wx-03":"TNG ..N XI","lyuanww":"WONG..YUAN","mingyang143":"LI M..YANG","yyccbb":"YU C..ENBO","gerteck":"CHAN..TECK","InfinityTwo":"POH ..KANG","NorbertLoh":"LOH ..BERT","yucongkoo":"KOO ..CONG","BunnyHoppp":"TENG..LOON","CYX22222003":"CHEN..IXUN","Incogdino":"JAVI.. WEE","DhiraPT":"DHIR..GARA","joeng03":"NG Y.. JOE"}}
