{"authorDailyContributionsMap":{"Izn432":[{"date":"2025-02-24T00:00:00","commitResults":[{"hash":"ed6418bff53c5cee684cc58adf26f74e8553fa6c","isMergeCommit":false,"messageTitle":"Fix incorrect behaviour when filtering by assignee in issues with multiple assignees (#415)","messageBody":"Hide assignees not selected in filter\n\nFor issues with multiple assignees, having one of the assignees selected\nin the filter displays all other assignees as groups.\n\nThis is misleading behaviour since the assignees that are not selected\nare expected to be hidden.\n\nLet\u0027s add a check for if the group is selected in the filter before\ndisplaying the data.","fileTypesAndContributionMap":{"ts":{"insertions":52,"deletions":0}}}]},{"date":"2025-04-07T00:00:00","commitResults":[{"hash":"004311a0a9dea1781f78d143fa9e1d33b0b18ff2","isMergeCommit":false,"messageTitle":"Remove back and home button","messageBody":"The back button and home button have ambiguous functions, and can\noccasionally cause error messages to pop up.\n\nThis confuses the user, especially when they expect the back button to\nbring them back to the repository selection page.\n\nLet\u0027s remove the back and home buttons.\n\nThe back and home buttons are relics brought over from CATcher and do\nnot contribute significantly to WATcher\u0027s functionality. So, they can\nand should be removed.","fileTypesAndContributionMap":{"html":{"insertions":1,"deletions":15},"ts":{"insertions":0,"deletions":8}}}]}],"IanCheah":[],"Airiinnn":[],"peasantbird":[],"AgentHagu":[],"JoanneHing":[],"HollaG":[{"date":"2025-01-26T00:00:00","commitResults":[{"hash":"b456ad6d93942e8b92035817a1a14348198bc477","isMergeCommit":false,"messageTitle":"Easier toolbar controls (#391)","messageBody":"Make text clickable in toolbar instead of just icon\r\n\r\nLet\u0027s move to include the text to trigger the click action,\r\nso that users don\u0027t have to click on the (small) icons\r\n\r\nCo-authored-by: Marcus Soh \u003cmacussoh38@gmail.com\u003e","fileTypesAndContributionMap":{"css":{"insertions":17,"deletions":0},"html":{"insertions":132,"deletions":116}}}]},{"date":"2025-02-25T00:00:00","commitResults":[{"hash":"aa244a4197aaaba069f5f42ec62103e0d3f8a357","isMergeCommit":false,"messageTitle":"Update label remove button to reset instead","messageBody":"","fileTypesAndContributionMap":{"html":{"insertions":1,"deletions":1},"ts":{"insertions":4,"deletions":2}}},{"hash":"2bbb85be08f02ba198cc53c9002a86556b19446e","isMergeCommit":false,"messageTitle":"Update test cases","messageBody":"","fileTypesAndContributionMap":{"ts":{"insertions":11,"deletions":4}}},{"hash":"ab44b75e0c98757b9e417a42219db6bf0713a53e","isMergeCommit":false,"messageTitle":"Disable button when default","messageBody":"","fileTypesAndContributionMap":{"html":{"insertions":1,"deletions":1},"ts":{"insertions":10,"deletions":1}}}]},{"date":"2025-03-03T00:00:00","commitResults":[{"hash":"0e93cbdd5d14958e32cc0ae119f1086a4516ecb5","isMergeCommit":false,"messageTitle":"Refactor setting isDefault code","messageBody":"","fileTypesAndContributionMap":{"ts":{"insertions":16,"deletions":6}}},{"hash":"5ff7bd6caa6b926bf52d4db1434f2cd1e7a2d0a5","isMergeCommit":true,"messageTitle":"Merge pull request #417 from HollaG/bug_remove-all-button","messageBody":"Align remove all button to expectations of function","fileTypesAndContributionMap":{}}]}],"wx-03":[{"date":"2025-01-21T00:00:00","commitResults":[{"hash":"a6b925c6091b1852a3f782b90e538b303742600a","isMergeCommit":false,"messageTitle":"Show issues and PRs without milestones in \u0027Contributions\u0027 preset view (#392)","messageBody":"Include issues/PRs without milestones in \u0027Contributions\u0027 preset view\r\n\r\nThe \u0027Contributions\u0027 preset view doesn\u0027t include issues/PRs without a milestone.\r\n\r\nHowever, issues and PRs without milestones are contributions as well, and should\r\nbe included in the \u0027Contributions\u0027 preset view.\r\n\r\nLet\u0027s show issues and PRs without milestones in the \u0027Contributions\u0027 preset view as well.","fileTypesAndContributionMap":{"ts":{"insertions":6,"deletions":1}}}]},{"date":"2025-02-16T00:00:00","commitResults":[{"hash":"feb7d65c7fdd965b2187ceced7c6ed9765ca7b64","isMergeCommit":false,"messageTitle":"Remove repo from suggestions if invalid (#403)","messageBody":"WATcher does not remove a repo from suggestions if it is not valid. \r\nThis results in invalid repositories shown under suggestions if \r\nthe user has previously entered one. \r\n\r\nLet\u0027s remove invalid repos from suggestions since users do not need \r\nto choose them.","fileTypesAndContributionMap":{"ts":{"insertions":24,"deletions":1}}}]},{"date":"2025-02-21T00:00:00","commitResults":[{"hash":"b28af9d7c054199cb927f2c0977c04ee62145285","isMergeCommit":false,"messageTitle":"Handle templates using BehaviorSubject and async pipe (#407)","messageBody":"There is an error that appears when switching to an invalid repo. \nIn the hidden-groups component, the templates are undefined before \nthe view is initialized and they become defined afterwards, \ncausing an NG0100 error. \n\nLet\u0027s use a BehaviorSubject with an initial value of null to emit the \ncard template after the view has been initialized and use the async \npipe so that the error does not occur.","fileTypesAndContributionMap":{"html":{"insertions":5,"deletions":1},"ts":{"insertions":11,"deletions":2}}}]},{"date":"2025-03-05T00:00:00","commitResults":[{"hash":"fcb4b17c6d680dc81f0b58b9a8f4a49529d9c33f","isMergeCommit":false,"messageTitle":"Remove gap between bottom of window and horizontal sidebar (#420)","messageBody":"The height of each column in `card-view` component is set to 77vh,\nwhich results in a gap between the bottom of the window and the\nhorizontal sidebar. \n\nThe content should fill up the remaining height of the window instead\nof leaving a gap.\n\nLet\u0027s use a flexbox to allow the content to dynamically change its\nheight to fill up the remaining space instead of having a fixed height.","fileTypesAndContributionMap":{"css":{"insertions":15,"deletions":1},"html":{"insertions":3,"deletions":3}}}]},{"date":"2025-04-07T00:00:00","commitResults":[{"hash":"bf7fa050b1aa45b652c3d5245c4d5cff4e4c36c3","isMergeCommit":false,"messageTitle":"Show review decision and reviewers in PR card","messageBody":"Review decisions and reviewers are not shown in PR card.\n\nShowing review decions and reviewers will allow users to see what needs\nto be done and which PRs require reviews at a glance, and showing \nreviewers allows tutors to gauge the level of PR reviews in the team.\nDisplaying an icon for PRs that have been merged without reviews can \nhelp tutors to easily identify PRs that violate best practices for \nsoftware engineering.\n\nLet\u0027s ,\n* display review decions in the PR card,\n* display the GitHub avatars of PR reviewers in the PR card,\n* use tooltips to show information about reviews, and\n* display an icon for PRs that have been merged without any review.","fileTypesAndContributionMap":{"css":{"insertions":37,"deletions":0},"html":{"insertions":31,"deletions":7},"ts":{"insertions":166,"deletions":2}}}]}],"lyuanww":[],"mingyang143":[],"yyccbb":[],"gerteck":[],"InfinityTwo":[],"NorbertLoh":[{"date":"2025-02-01T00:00:00","commitResults":[{"hash":"a85c7ed50c24df3c0240d6c870637a08c4bfb7c7","isMergeCommit":false,"messageTitle":"Remove magic strings (#400)","messageBody":"Remove the use of magic strings for filter options\r\n\r\nAll of the predefined filter options values are magic literals. This\r\nmakes it hard to change or update any filter options without having\r\nto change all manually.\r\n\r\nLet\u0027s create enums constants with the same values to replace the\r\nmagic literals.\r\n\r\nThe enums constants will also allow us to create mappings for URL\r\nencoding dynamically.","fileTypesAndContributionMap":{"html":{"insertions":16,"deletions":14},"ts":{"insertions":63,"deletions":19}}}]},{"date":"2025-03-10T00:00:00","commitResults":[{"hash":"8ebf6a4c908d82a7c68d48db2639e970c34c457e","isMergeCommit":false,"messageTitle":"Add drop shadow to filter section (#428)","messageBody":"Add drop shadow to filter section\n\nThe lack of separation between the filter section and the dashboard\nmight make it hard for users to realise that their dashboard is\npartially covered.\n\nLet\u0027s add a simple drop shadow to show some form of elevation and\nseparation.","fileTypesAndContributionMap":{"css":{"insertions":1,"deletions":1}}},{"hash":"59b3f209a049ce1df3edd17abdd62d12a2fc1065","isMergeCommit":false,"messageTitle":"Fixes view on view on GitHub (#414)","messageBody":"View on GitHub should include the filters that are selected on\nWATcher as it should be the same state as WATcher\n\nBy using the URL to encode the search string, we can view on GitHub\nwith the filters applied\n\nLet\u0027s,\n* Combine all filters into a search string\n* Encode the search string to be sent using url","fileTypesAndContributionMap":{"ts":{"insertions":189,"deletions":2}}}]}],"yucongkoo":[{"date":"2025-03-05T00:00:00","commitResults":[{"hash":"dd85cd4b163895632bf0e3319d72df3a643dba1a","isMergeCommit":false,"messageTitle":"Add side border to draft PR cards (#426)","messageBody":"Add side border to draft PR cards","fileTypesAndContributionMap":{"ts":{"insertions":1,"deletions":1}}}]},{"date":"2025-04-04T00:00:00","commitResults":[{"hash":"581135b7e05577fe66d8ec1de6a4995dcc58eed4","isMergeCommit":false,"messageTitle":"Change keep filters to use slider button","messageBody":"Functionality of keep filters icon is not clear.\n\nLet\u0027s change it to use a slider button with\nmore obvious descriptions instead.","fileTypesAndContributionMap":{"css":{"insertions":9,"deletions":3},"html":{"insertions":8,"deletions":8},"ts":{"insertions":0,"deletions":5}}}]}],"BunnyHoppp":[],"CYX22222003":[],"Incogdino":[],"DhiraPT":[],"joeng03":[]},"authorFileTypeContributionMap":{"Izn432":{"js":0,"css":0,"html":1,"ts":52},"IanCheah":{"js":0,"css":0,"html":0,"ts":0},"Airiinnn":{"js":0,"css":0,"html":0,"ts":0},"peasantbird":{"js":0,"css":0,"html":0,"ts":0},"AgentHagu":{"js":0,"css":0,"html":0,"ts":0},"JoanneHing":{"js":0,"css":0,"html":0,"ts":0},"HollaG":{"js":0,"css":17,"html":29,"ts":38},"wx-03":{"js":0,"css":52,"html":33,"ts":207},"lyuanww":{"js":0,"css":0,"html":0,"ts":0},"mingyang143":{"js":0,"css":0,"html":0,"ts":0},"yyccbb":{"js":0,"css":0,"html":0,"ts":0},"gerteck":{"js":0,"css":0,"html":0,"ts":0},"InfinityTwo":{"js":0,"css":0,"html":0,"ts":0},"NorbertLoh":{"js":0,"css":1,"html":16,"ts":251},"yucongkoo":{"js":0,"css":9,"html":8,"ts":1},"BunnyHoppp":{"js":0,"css":0,"html":0,"ts":0},"CYX22222003":{"js":0,"css":0,"html":0,"ts":0},"Incogdino":{"js":0,"css":0,"html":0,"ts":0},"DhiraPT":{"js":0,"css":0,"html":0,"ts":0},"joeng03":{"js":0,"css":0,"html":0,"ts":0}},"authorContributionVariance":{"Izn432":25.27246,"IanCheah":0.0,"Airiinnn":0.0,"peasantbird":0.0,"AgentHagu":0.0,"JoanneHing":0.0,"HollaG":556.171,"wx-03":467.09277,"lyuanww":0.0,"mingyang143":0.0,"yyccbb":0.0,"gerteck":0.0,"InfinityTwo":0.0,"NorbertLoh":383.3304,"yucongkoo":8.464293,"BunnyHoppp":0.0,"CYX22222003":0.0,"Incogdino":0.0,"DhiraPT":0.0,"joeng03":0.0},"authorDisplayNameMap":{"Izn432":"ISAA.. JIE","IanCheah":"CHEA.. IAN","Airiinnn":"ALEX..ANDY","peasantbird":"WONG..RAND","AgentHagu":"ADRI..IANG","JoanneHing":"HING..XING","HollaG":"SOH ..RCUS","wx-03":"TNG ..N XI","lyuanww":"WONG..YUAN","mingyang143":"LI M..YANG","yyccbb":"YU C..ENBO","gerteck":"CHAN..TECK","InfinityTwo":"POH ..KANG","NorbertLoh":"LOH ..BERT","yucongkoo":"KOO ..CONG","BunnyHoppp":"TENG..LOON","CYX22222003":"CHEN..IXUN","Incogdino":"JAVI.. WEE","DhiraPT":"DHIR..GARA","joeng03":"NG Y.. JOE"}}
