{"authorDailyContributionsMap":{"Izn432":[{"date":"2025-02-24","commitResults":[{"hash":"ed6418bff53c5cee684cc58adf26f74e8553fa6c","isMergeCommit":false,"messageTitle":"Fix incorrect behaviour when filtering by assignee in issues with multiple assignees (#415)","messageBody":"Hide assignees not selected in filter\n\nFor issues with multiple assignees, having one of the assignees selected\nin the filter displays all other assignees as groups.\n\nThis is misleading behaviour since the assignees that are not selected\nare expected to be hidden.\n\nLet\u0027s add a check for if the group is selected in the filter before\ndisplaying the data.","fileTypesAndContributionMap":{"ts":{"insertions":52,"deletions":0}}}]}],"IanCheah":[],"Airiinnn":[],"peasantbird":[],"AgentHagu":[],"JoanneHing":[],"HollaG":[{"date":"2025-01-26","commitResults":[{"hash":"b456ad6d93942e8b92035817a1a14348198bc477","isMergeCommit":false,"messageTitle":"Easier toolbar controls (#391)","messageBody":"Make text clickable in toolbar instead of just icon\r\n\r\nLet\u0027s move to include the text to trigger the click action,\r\nso that users don\u0027t have to click on the (small) icons\r\n\r\nCo-authored-by: Marcus Soh \u003cmacussoh38@gmail.com\u003e","fileTypesAndContributionMap":{"css":{"insertions":17,"deletions":0},"html":{"insertions":132,"deletions":116}}}]},{"date":"2025-02-25","commitResults":[{"hash":"aa244a4197aaaba069f5f42ec62103e0d3f8a357","isMergeCommit":false,"messageTitle":"Update label remove button to reset instead","messageBody":"","fileTypesAndContributionMap":{"html":{"insertions":1,"deletions":1},"ts":{"insertions":4,"deletions":2}}},{"hash":"2bbb85be08f02ba198cc53c9002a86556b19446e","isMergeCommit":false,"messageTitle":"Update test cases","messageBody":"","fileTypesAndContributionMap":{"ts":{"insertions":11,"deletions":4}}},{"hash":"ab44b75e0c98757b9e417a42219db6bf0713a53e","isMergeCommit":false,"messageTitle":"Disable button when default","messageBody":"","fileTypesAndContributionMap":{"html":{"insertions":1,"deletions":1},"ts":{"insertions":10,"deletions":1}}}]},{"date":"2025-03-03","commitResults":[{"hash":"0e93cbdd5d14958e32cc0ae119f1086a4516ecb5","isMergeCommit":false,"messageTitle":"Refactor setting isDefault code","messageBody":"","fileTypesAndContributionMap":{"ts":{"insertions":16,"deletions":6}}},{"hash":"5ff7bd6caa6b926bf52d4db1434f2cd1e7a2d0a5","isMergeCommit":true,"messageTitle":"Merge pull request #417 from HollaG/bug_remove-all-button","messageBody":"Align remove all button to expectations of function","fileTypesAndContributionMap":{}}]}],"wx-03":[{"date":"2025-01-21","commitResults":[{"hash":"a6b925c6091b1852a3f782b90e538b303742600a","isMergeCommit":false,"messageTitle":"Show issues and PRs without milestones in \u0027Contributions\u0027 preset view (#392)","messageBody":"Include issues/PRs without milestones in \u0027Contributions\u0027 preset view\r\n\r\nThe \u0027Contributions\u0027 preset view doesn\u0027t include issues/PRs without a milestone.\r\n\r\nHowever, issues and PRs without milestones are contributions as well, and should\r\nbe included in the \u0027Contributions\u0027 preset view.\r\n\r\nLet\u0027s show issues and PRs without milestones in the \u0027Contributions\u0027 preset view as well.","fileTypesAndContributionMap":{"ts":{"insertions":6,"deletions":1}}}]},{"date":"2025-02-16","commitResults":[{"hash":"feb7d65c7fdd965b2187ceced7c6ed9765ca7b64","isMergeCommit":false,"messageTitle":"Remove repo from suggestions if invalid (#403)","messageBody":"WATcher does not remove a repo from suggestions if it is not valid. \r\nThis results in invalid repositories shown under suggestions if \r\nthe user has previously entered one. \r\n\r\nLet\u0027s remove invalid repos from suggestions since users do not need \r\nto choose them.","fileTypesAndContributionMap":{"ts":{"insertions":24,"deletions":1}}}]},{"date":"2025-02-21","commitResults":[{"hash":"b28af9d7c054199cb927f2c0977c04ee62145285","isMergeCommit":false,"messageTitle":"Handle templates using BehaviorSubject and async pipe (#407)","messageBody":"There is an error that appears when switching to an invalid repo. \nIn the hidden-groups component, the templates are undefined before \nthe view is initialized and they become defined afterwards, \ncausing an NG0100 error. \n\nLet\u0027s use a BehaviorSubject with an initial value of null to emit the \ncard template after the view has been initialized and use the async \npipe so that the error does not occur.","fileTypesAndContributionMap":{"html":{"insertions":5,"deletions":1},"ts":{"insertions":11,"deletions":2}}}]}],"lyuanww":[],"mingyang143":[],"yyccbb":[],"gerteck":[],"InfinityTwo":[],"NorbertLoh":[{"date":"2025-02-01","commitResults":[{"hash":"a85c7ed50c24df3c0240d6c870637a08c4bfb7c7","isMergeCommit":false,"messageTitle":"Remove magic strings (#400)","messageBody":"Remove the use of magic strings for filter options\r\n\r\nAll of the predefined filter options values are magic literals. This\r\nmakes it hard to change or update any filter options without having\r\nto change all manually.\r\n\r\nLet\u0027s create enums constants with the same values to replace the\r\nmagic literals.\r\n\r\nThe enums constants will also allow us to create mappings for URL\r\nencoding dynamically.","fileTypesAndContributionMap":{"html":{"insertions":16,"deletions":14},"ts":{"insertions":63,"deletions":19}}}]}],"yucongkoo":[],"BunnyHoppp":[],"CYX22222003":[],"Incogdino":[],"DhiraPT":[],"joeng03":[]},"authorFileTypeContributionMap":{"Izn432":{"js":0,"css":0,"html":0,"ts":52},"IanCheah":{"js":0,"css":0,"html":0,"ts":0},"Airiinnn":{"js":0,"css":0,"html":0,"ts":0},"peasantbird":{"js":0,"css":0,"html":0,"ts":0},"AgentHagu":{"js":0,"css":0,"html":0,"ts":0},"JoanneHing":{"js":0,"css":0,"html":0,"ts":0},"HollaG":{"js":0,"css":17,"html":49,"ts":38},"wx-03":{"js":0,"css":0,"html":5,"ts":41},"lyuanww":{"js":0,"css":0,"html":0,"ts":0},"mingyang143":{"js":0,"css":0,"html":0,"ts":0},"yyccbb":{"js":0,"css":0,"html":0,"ts":0},"gerteck":{"js":0,"css":0,"html":0,"ts":0},"InfinityTwo":{"js":0,"css":0,"html":0,"ts":0},"NorbertLoh":{"js":0,"css":0,"html":16,"ts":63},"yucongkoo":{"js":0,"css":0,"html":0,"ts":0},"BunnyHoppp":{"js":0,"css":0,"html":0,"ts":0},"CYX22222003":{"js":0,"css":0,"html":0,"ts":0},"Incogdino":{"js":0,"css":0,"html":0,"ts":0},"DhiraPT":{"js":0,"css":0,"html":0,"ts":0},"joeng03":{"js":0,"css":0,"html":0,"ts":0}},"authorContributionVariance":{"Izn432":28.76264,"IanCheah":0.0,"Airiinnn":0.0,"peasantbird":0.0,"AgentHagu":0.0,"JoanneHing":0.0,"HollaG":762.18475,"wx-03":10.828302,"lyuanww":0.0,"mingyang143":0.0,"yyccbb":0.0,"gerteck":0.0,"InfinityTwo":0.0,"NorbertLoh":133.43134,"yucongkoo":0.0,"BunnyHoppp":0.0,"CYX22222003":0.0,"Incogdino":0.0,"DhiraPT":0.0,"joeng03":0.0},"authorDisplayNameMap":{"Izn432":"ISAA.. JIE","IanCheah":"CHEA.. IAN","Airiinnn":"ALEX..ANDY","peasantbird":"WONG..RAND","AgentHagu":"ADRI..IANG","JoanneHing":"HING..XING","HollaG":"SOH ..RCUS","wx-03":"TNG ..N XI","lyuanww":"WONG..YUAN","mingyang143":"LI M..YANG","yyccbb":"YU C..ENBO","gerteck":"CHAN..TECK","InfinityTwo":"POH ..KANG","NorbertLoh":"LOH ..BERT","yucongkoo":"KOO ..CONG","BunnyHoppp":"TENG..LOON","CYX22222003":"CHEN..IXUN","Incogdino":"JAVI.. WEE","DhiraPT":"DHIR..GARA","joeng03":"NG Y.. JOE"}}
